Unnamed: 0,Close_diff_NVDA,Low_NVDA_diff,Log_Close_NVDA_diff,High_NVDA_diff,^IXIC_Close_diff,AMD_Close_diff,^GSPC_Close_diff,Open_NVDA_diff
2022-11-01,0.0460004806518536,0.2220001220703125,0.003402405702165101,0.08699989318847479,-97.30078125,-0.40000152587890625,-15.8798828125,0.03299999237060369
2022-11-02,-0.3240003585815412,-0.30799961090087713,-0.02421464680177099,0.2849998474121094,-366.0498046875,-1.029998779296875,-96.41015625,0.039000511169437146
2022-11-03,0.2019996643066424,-0.25500011444091975,0.015165430962223336,-0.4289999008178711,-181.859375,1.4799995422363281,-39.800048828125,-0.8070001602172887
2022-11-04,0.7350006103515607,0.7409992218017596,0.05331796301362024,0.4479999542236328,132.3095703125,2.0799980163574148,50.66015625,0.9429998397827166
2022-11-05,0.1449995040893537,0.25700092315673473,0.010190867632578815,0.18299961090087713,89.26953125,0.8900032043457102,36.25,0.24199962615966797
2022-11-06,0.0,0.0,0.0,0.0,0.0,0.0,0.0,0.0
2022-11-07,0.0,0.0,0.0,0.0,0.0,0.0,0.0,0.0
2022-11-08,0.3010005950927752,0.2619991302490252,0.020829082014155453,0.47900009155273615,51.6806640625,0.7699966430663991,21.31005859375,0.572999954223631
2022-11-09,-0.8260002136230469,-0.4569997787475586,-0.05823057248424579,-0.6799993515014631,-263.0302734375,-3.930000305175774,-79.5400390625,-0.6389999389648438
2022-11-10,1.9739999771118164,0.7880001068115234,0.13391241592481373,1.561999320983885,760.98046875,8.550003051757812,207.800048828125,0.6380004882812518
2022-11-11,0.5769996643066406,0.9350004196166992,0.035979793311757824,0.6160001754760742,209.1796875,3.9000015258789062,36.559814453125,1.00699996948242
2022-11-12,-0.0319995880126953,0.4399995803833008,-0.00196184161182833,0.1510009765625,-127.1103515625,1.1599960327148438,-35.679931640625,0.4110002517700213
2022-11-13,0.0,0.0,0.0,0.0,0.0,0.0,0.0,0.0
2022-11-14,0.0,0.0,0.0,0.0,0.0,0.0,0.0,0.0
2022-11-15,0.3710002899169922,0.46000003814697266,0.022512420961978474,0.45799827575683594,162.1904296875,2.8400039672851562,34.47998046875,0.5039997100830078
2022-11-16,-0.7560005187988281,-0.5089998245239258,-0.046422905174545726,-0.6359996795654297,-174.75,-3.6700057983398438,-32.93994140625,-0.5599994659423828
2022-11-17,-0.2329998016357422,-0.3380002975463867,-0.014753159752640688,-0.09599876403808594,-38.7001953125,1.2000045776367188,-12.22998046875,-0.44700050354003906
2022-11-18,-0.2679996490478515,-0.41499996185302734,-0.01724289296010273,-0.26399993896484375,1.099609375,-0.3300018310546875,18.780029296875,0.25099945068359375
2022-11-19,-0.0920000076293963,-0.03999996185302557,-0.005988431960755047,-0.5250005722045898,-121.5498046875,-1.1100006103515625,-15.400146484375,-0.8189992904663086
2022-11-20,0.0,0.0,0.0,0.0,0.0,0.0,0.0,0.0
2022-11-21,0.0,0.0,0.0,0.0,0.0,0.0,0.0,0.0
2022-11-22,0.7209997177124041,0.041999816894529474,0.045997564959233905,0.5810003280639648,149.900390625,2.7900009155273438,53.64013671875,0.180999755859375
2022-11-23,0.4809989929199219,0.9260005950927734,0.029550266029287897,0.46899986267089844,110.91015625,1.1500015258789062,23.679931640625,0.7699995040893555
2022-11-24,-0.2489986419677734,0.12400054931640625,-0.015188229707638001,-0.04000091552734375,-58.9599609375,-1.2600021362304688,-1.139892578125,0.220001220703125
2022-11-25,0.0,0.0,0.0,0.0,0.0,0.0,0.0,0.0
2022-11-26,-0.4430007934570312,-0.4470005035400373,-0.027605628225413792,-0.12999916076660156,-176.8603515625,-1.9499969482421875,-62.18017578125,-0.29200172424316406
2022-11-27,0.0,0.0,0.0,0.0,0.0,0.0,0.0,0.0
2022-11-28,0.0,0.0,0.0,0.0,0.0,0.0,0.0,0.0
2022-11-29,-0.1879997253417968,-0.20499992370605646,-0.011949530589650426,-0.42500019073486506,-65.7197265625,0.1999969482421875,-6.31005859375,-0.19899940490722656
2022-11-30,1.2840003967285156,0.07699966430664062,0.07890587271113869,0.9980001449584979,484.2197265625,4.239997863769531,122.480224609375,-0.1300001144409162
2022-12-01,0.2119998931884765,1.0380001068115234,0.012449505421670448,0.33499908447265625,14.4501953125,-0.149993896484375,-3.5400390625,1.3020009994506818
2022-12-02,-0.2590007781982422,-0.1900005340576172,-0.015230706972197527,-0.3319988250732422,-20.9501953125,-2.5,-4.8701171875,-0.3400001525878906
2022-12-03,-0.2659988403320312,0.02700042724609375,-0.01588750134070427,0.062000274658203125,-221.5595703125,-1.3600006103515625,-72.85986328125,0.020000457763671875
2022-12-04,0.0,0.0,0.0,0.0,0.0,0.0,0.0,0.0
2022-12-05,0.0,0.0,0.0,0.0,0.0,0.0,0.0,0.0
2022-12-06,-0.6230001449584961,-0.6529998779296893,-0.03822903927775956,-0.4220008850097656,-225.05078125,-3.350006103515625,-57.580078125,-0.1490001678466797
2022-12-07,0.133000373840332,-0.15200042724609197,0.008284868046632532,-0.38699913024902344,-56.33984375,-0.12999725341796875,-7.340087890625,-0.758000373840332
2022-12-08,1.0489997863769531,0.29199981689453125,0.0630446793933368,0.9930000305175781,123.4501953125,0.3300018310546875,29.590087890625,0.5010004043579102
2022-12-09,-0.1680011749267578,1.016000747680664,-0.009833334988680331,0.40399932861328125,-77.3798828125,-1.8800048828125,-29.130126953125,0.8869991302490234
2022-12-10,0.5340003967285156,-0.17799949645996094,0.030926741345474795,-0.04500007629394531,139.1201171875,2.0800018310546875,56.18017578125,-0.12299919128417969
2022-12-11,0.0,0.0,0.0,0.0,0.0,0.0,0.0,0.0
2022-12-12,0.0,0.0,0.0,0.0,0.0,0.0,0.0,0.0
2022-12-13,0.5370006561279297,0.9139995574951172,0.030164932138459832,1.2520008087158203,113.0693359375,0.9800033569335938,29.08984375,1.4939994812011719
2022-12-14,-0.3980007171630859,-0.2910003662109375,-0.02226918601973793,-0.5380001068115234,-85.919921875,-2.720001220703125,-24.329833984375,-0.5440006256103516
2022-12-15,-0.7220001220703125,-0.7199993133544922,-0.041708819845542866,-0.9320011138916016,-360.359375,-2.4000015258789062,-99.570068359375,-0.8409996032714844
2022-12-16,-0.3810005187988281,-0.29000091552734375,-0.022731673081278103,-0.27899932861328125,-105.1201171875,-1.1199951171875,-43.389892578125,-0.2819995880126953
2022-12-17,-0.3169994354248047,-0.2649993896484375,-0.019315113587780264,-0.43200111389160156,-159.3798828125,-0.82000732421875,-34.7001953125,-0.29199981689453125
2022-12-18,0.0,0.0,0.0,0.0,0.0,0.0,0.0,0.0
2022-12-19,0.0,0.0,0.0,0.0,0.0,0.0,0.0,0.0
2022-12-20,-0.1690006256103515,-0.2930002212524414,-0.010451910721451352,-0.2989997863769531,1.080078125,0.4600067138671875,3.960205078125,-0.5080013275146484
2022-12-21,0.4160003662109375,0.2499990463256836,0.025533848067874843,0.3170013427734375,162.259765625,2.6299972534179688,56.81982421875,0.05000114440917969
2022-12-22,-1.1619997024536133,-1.2199993133544922,-0.07302236348852764,-0.4890003204345703,-233.25,-3.8199996948242188,-56.050048828125,-0.020000457763671875
2022-12-23,-0.1329994201660156,0.0010004043579101562,-0.008708479971369698,-0.7990007400512695,21.740234375,0.6599960327148438,22.43017578125,-0.8979997634887713
2022-12-24,-1.0850000381469729,-0.8270006179809553,-0.0740270367628586,-0.23899936676025213,-144.6298828125,-1.2499961853027344,-15.570068359375,-0.12199974060058238
2022-12-25,0.0,0.0,0.0,0.0,0.0,0.0,0.0,0.0
2022-12-26,0.0,0.0,0.0,0.0,0.0,0.0,0.0,0.0
2022-12-27,0.0,0.0,0.0,0.0,0.0,0.0,0.0,0.0
2022-12-28,-0.0850000381469726,-0.171999931335451,-0.0060375959596088435,-0.8380002975463885,-139.9404296875,-0.7000007629394531,-46.030029296875,-1.1470003128051776
2022-12-29,0.5669994354248047,0.3430004119873047,0.03960148997930757,0.42099952697754084,264.7998046875,2.25,66.06005859375,0.47500038146972656
2022-12-30,0.011000633239746,0.005999565124511719,0.0007530296578495133,-0.05399990081787287,-11.609375,-0.0500030517578125,-9.780029296875,-0.06800079345703125
2022-12-31,-0.2990007400512695,-0.13700008392333984,-0.020672086058572958,0.3670005798339844,-79.5,-0.75,-15.360107421875,0.5170001983642578
2023-01-01,0.0,0.0,0.0,0.0,0.0,0.0,0.0,0.0
2023-01-02,0.0,0.0,0.0,0.0,0.0,0.0,0.0,0.0
2023-01-03,0.0,0.0,0.0,0.0,0.0,0.0,0.0,0.0
2023-01-04,0.434000015258789,0.14500045776367188,0.029867347224409535,-0.14300060272216797,71.779296875,0.6400070190429688,28.830078125,-0.283999443054201
2023-01-05,-0.4839992523193359,-0.09300041198730469,-0.03336624772845642,-0.2889995574951154,-153.51953125,-2.3300018310546875,-44.869873046875,-0.0760002136230451
2023-01-06,0.5939998626708984,-0.1139993667602539,0.040796747404480804,0.44600009918212713,264.0498046875,1.6299972534179688,86.97998046875,-0.017000198364257812
2023-01-07,0.7690000534057617,1.106999397277832,0.050458437653765564,1.045999526977539,66.3603515625,3.279998779296875,-2.989990234375,0.8100004196166992
2023-01-08,0.0,0.0,0.0,0.0,0.0,0.0,0.0,0.0
2023-01-09,0.0,0.0,0.0,0.0,0.0,0.0,0.0,0.0
2023-01-10,0.2810001373291015,0.33100032806396484,0.0178208179692656,-0.09399986267089844,106.9794921875,0.8100051879882812,27.159912109375,0.22299957275390625
2023-01-11,0.0919990539550781,0.09099960327148438,0.005766174196141449,0.06599998474121094,189.0400390625,1.0099945068359375,50.360107421875,0.33300018310546875
2023-01-12,0.5100002288818359,-0.0710000991821289,0.03137562008574912,0.6089992523193359,69.4296875,1.7400054931640625,13.559814453125,0.26000022888183594
2023-01-13,0.38800048828125,0.6730012893676758,0.023227652470674265,0.2850017547607422,78.060546875,0.1999969482421875,15.920166015625,0.17799949645996094
2023-01-14,0.8029994964599609,0.7339992523193359,0.046423150070070474,0.805999755859375,15.9501953125,0.589996337890625,-8.1201171875,0.6210002899169922
2023-01-15,0.0,0.0,0.0,0.0,0.0,0.0,0.0,0.0
2023-01-16,0.0,0.0,0.0,0.0,0.0,0.0,0.0,0.0
2023-01-17,0.0,0.0,0.0,0.0,0.0,0.0,0.0,0.0
2023-01-18,-0.3249988555908203,0.3829994201660156,-0.018530069303546615,0.14499855041503906,-138.1005859375,-1.05999755859375,-62.10986328125,0.7679996490478516
2023-01-19,-0.6120014190673828,-0.5509986877441406,-0.03585419576765991,-0.6759986877441406,-104.740234375,-2.8199996948242188,-30.010009765625,-0.6310005187988281
2023-01-20,1.0740013122558594,0.09399986267089844,0.06209376760385199,0.6590003967285156,288.16015625,2.3600006103515625,73.760009765625,-0.024999618530273438
2023-01-21,1.3540000915527344,0.9930000305175781,0.07315855944895322,1.3889999389648438,223.98046875,6.459999084472656,47.199951171875,1.052999496459961
2023-01-22,0.0,0.0,0.0,0.0,0.0,0.0,0.0,0.0
2023-01-23,0.0,0.0,0.0,0.0,0.0,0.0,0.0,0.0
2023-01-24,0.0719985961914098,1.0019989013671875,0.0037442758315333613,0.25,-30.140625,-1.8300018310546875,-2.860107421875,0.76300048828125
2023-01-25,0.0580005645751988,-0.23999977111816762,0.0030061474676212896,-0.125,-20.9091796875,0.2100067138671875,-0.72998046875,0.08600044250488281
2023-01-26,0.4790000915527272,0.6979999542236364,0.02448685114817284,0.7959995269775391,199.0498046875,0.25,44.2099609375,0.7880001068115234
2023-01-27,0.5629997253417969,0.1270008087158203,0.0280347848493685,0.461999893188473,109.2998046875,0.23999786376953125,10.130126953125,-0.23900032043456676
2023-01-28,-1.2029991149902344,-0.25500106811522727,-0.06088854439161562,-0.48800086975096946,-227.900390625,-2.9500045776367188,-52.7900390625,0.488000869750973
2023-01-29,0.0,0.0,0.0,0.0,0.0,0.0,0.0,0.0
2023-01-30,0.0,0.0,0.0,0.0,0.0,0.0,0.0,0.0
2023-01-31,0.375,-0.19999885559082742,0.019380951723580786,-0.4529991149902379,190.740234375,2.7000045776367188,58.830078125,-0.7800006866455078
2023-02-01,1.4060001373291016,0.6609992980957067,0.06949436234951545,1.5049991607666016,231.7705078125,9.489997863769531,42.60986328125,0.5209999084472656
2023-02-02,0.7659988403320312,1.0890007019042933,0.03592240469465802,0.7569999694824219,384.5,3.6699981689453125,60.5498046875,1.309000015258789
2023-02-03,-0.6089992523193359,0.08899879455566762,-0.028453845676379874,-0.20399856567382812,-193.8701171875,-2.220001220703125,-43.27978515625,0.0
2023-02-04,-0.0109996795654296,-0.003000259399417615,-0.0005214477485697699,-0.1750011444091797,-119.5,-2.4099960327148438,-25.39990234375,-0.19400024414062855
2023-02-05,0.0,0.0,0.0,0.0,0.0,0.0,0.0,0.0
2023-02-06,0.0,0.0,0.0,0.0,0.0,0.0,0.0,0.0
2023-02-07,1.0839996337890625,0.3640003204345774,0.0501237367980103,0.6890010833740199,226.33984375,2.2300033569335938,52.919921875,0.576000213623054
2023-02-08,0.0319995880126917,0.8579998016357351,0.0014421376975799483,0.6189994812011719,-203.2705078125,-1.220001220703125,-46.14013671875,1.004999160766598
2023-02-09,0.1319999694824289,0.11200141906738281,0.005927006261424506,0.14200019836426137,-120.939453125,-1.4800033569335938,-36.35986328125,0.21900177001953125
2023-02-10,-1.072000503540039,-1.309000015258789,-0.04918199156616909,-0.9420013427734375,-71.4599609375,-1.7299957275390625,8.9599609375,-0.9160003662109375
2023-02-11,0.5230007171630824,0.15099906921387074,0.02429686442030743,-0.029998779296875,173.669921875,1.649993896484375,46.830078125,-0.15200042724609375
2023-02-12,0.0,0.0,0.0,0.0,0.0,0.0,0.0,0.0
2023-02-13,0.0,0.0,0.0,0.0,0.0,0.0,0.0,0.0
2023-02-14,1.183000564575195,0.40399932861328125,0.052873215602936785,1.0009994506836009,68.3603515625,2.8199996948242188,-1.16015625,0.03999900817871094
2023-02-15,-0.207000732421875,0.7400016784667933,-0.009052241967011376,-0.1940002441406321,110.439453125,-0.7699966430664062,11.47021484375,0.9710006713867259
2023-02-16,-0.7619991302490234,-0.1790008544921875,-0.03404694298595112,-0.30500030517578125,-214.759765625,-5.099998474121094,-57.190185546875,-0.4160003662109446
2023-02-17,-0.6140003204345703,-0.9519996643066406,-0.028303355157544896,-0.8099994659423828,-68.560546875,-1.5800018310546875,-11.31982421875,-0.5019989013671875
2023-02-18,-0.7329998016357422,-0.35700035095215554,-0.034872585823890745,-0.24600028991699574,-294.9697265625,-1.7300033569335938,-81.75,-0.6310005187988281
2023-02-19,0.0,0.0,0.0,0.0,0.0,0.0,0.0,0.0
2023-02-20,0.0,0.0,0.0,0.0,0.0,0.0,0.0,0.0
2023-02-21,0.0,0.0,0.0,0.0,0.0,0.0,0.0,0.0
2023-02-22,0.0989990234375,-0.19700050354003196,0.004781531121599514,-0.3899993896484375,14.7705078125,-0.15999603271484375,-6.2900390625,-0.292999267578125
2023-02-23,2.909999847412113,2.6040000915527415,0.13121590205507205,2.784000396728519,83.330078125,3.1399993896484375,21.27001953125,2.732999801635742
2023-02-24,-0.3780002593994176,-0.07799911499024148,-0.01610259579688389,-0.4139995574951172,-195.4599609375,-1.660003662109375,-42.280029296875,-0.21500015258789062
2023-02-25,0.2150001525878977,0.5069999694824219,0.009190658590005452,0.40599822998046875,72.0400390625,0.6800003051757812,12.199951171875,0.44499969482421875
2023-02-26,0.0,0.0,0.0,0.0,0.0,0.0,0.0,0.0
2023-02-27,0.0,0.0,0.0,0.0,0.0,0.0,0.0,0.0
2023-02-28,-0.2849998474121165,-0.2480010986328125,-0.012201271008819514,-0.05499839782714844,-11.4404296875,-0.18999481201171875,-12.090087890625,-0.2980003356933629
2023-03-01,-0.5179996490478445,-0.6979999542236328,-0.02256486619106024,-0.569000244140625,-76.0595703125,-0.29000091552734375,-18.760009765625,-0.1800003051757777
2023-03-02,0.6159992218017507,-0.07600021362304688,0.02677719029296899,0.12399864196777344,83.5,2.1500015258789062,29.960205078125,-0.7039985656738281
2023-03-03,0.5760002136230504,0.6979999542236328,0.02440593263414703,0.520000457763679,226.029296875,1.0799942016601562,64.289794921875,0.8319988250732422
2023-03-04,-0.3359985351562535,0.35700035095214844,-0.01416424209194167,0.34799957275389914,-13.26953125,-0.35999298095703125,2.780029296875,0.5710010528564453
2023-03-05,0.0,0.0,0.0,0.0,0.0,0.0,0.0,0.0
2023-03-06,0.0,0.0,0.0,0.0,0.0,0.0,0.0,0.0
2023-03-07,-0.266000747680664,-0.24600028991698863,-0.011357482667494256,-0.12299919128417969,-145.41015625,0.9499969482421875,-62.0498046875,-0.2910003662109375
2023-03-08,0.892999649047848,0.18300056457519887,0.03762897969820722,0.07500076293945312,45.669921875,3.2600021362304688,5.639892578125,-0.11300086975097656
2023-03-09,-0.7449989318847621,-0.041000366210944605,-0.03129385388703554,0.2539997100830078,-237.650390625,-1.3400039672851562,-73.68994140625,0.6879997253417969
2023-03-10,-0.4710006713867187,-0.6569995880126953,-0.020302012418917492,-0.8269996643066406,-199.4599609375,-1.3600006103515625,-56.72998046875,-0.7659988403320277
2023-03-11,0.0009994506835937,-0.42899894714355113,4.3519657271673395e-05,-0.32900047302246094,49.9501953125,-0.6599960327148438,-5.830078125,-0.6569995880126989
2023-03-12,0.0,0.0,0.0,0.0,0.0,0.0,0.0,0.0
2023-03-13,0.0,0.0,0.0,0.0,0.0,0.0,0.0,0.0
2023-03-14,1.097000122070316,1.162998199462887,0.04666053555937166,0.9209995269775391,239.310546875,5.439994812011719,63.530029296875,0.7439994812011719
2023-03-15,0.1650009155273402,-0.0999984741210973,0.006833635931523752,0.06699943542480469,5.8994140625,2.2300033569335938,-27.360107421875,0.2649993896484375
2023-03-16,1.3129997253417969,0.5339984893798864,0.05277600287356865,1.3020000457763672,283.23046875,6.9199981689453125,68.35009765625,0.26600074768066406
2023-03-17,0.184000015258789,1.7740001678466797,0.007178278105008484,0.8110008239746094,-86.7705078125,1.2399978637695312,-43.64013671875,1.9549999237060547
2023-03-18,0.1749992370605539,-0.5380001068115234,0.0067796574280634125,-0.375,45.0302734375,-1.0299987792968608,34.93017578125,-0.3670005798339844
2023-03-19,0.0,0.0,0.0,0.0,0.0,0.0,0.0,0.0
2023-03-20,0.0,0.0,0.0,0.0,0.0,0.0,0.0,0.0
2023-03-21,0.298999786376946,0.25100135803222656,0.011478265408441324,0.368000030517571,184.5703125,-0.879997253417983,51.300048828125,0.5650005340576172
2023-03-22,0.2690010070800781,0.8559989929199219,0.010215252329926816,1.1970005035400462,-190.150390625,1.650001525878892,-65.900146484375,0.24499893188476562
2023-03-23,0.7229995727539062,0.4530010223388672,0.026949563918896136,-0.09000015258789062,117.4404296875,2.6999969482422017,11.75,0.6900005340576172
2023-03-24,-0.4120006561279297,-0.33500099182128906,-0.015268062439239394,-0.332000732421875,36.5595703125,-2.3300018310546733,22.27001953125,-0.0839996337890625
2023-03-25,-0.2479991912841797,0.010000228881835938,-0.009304107401968853,-0.16699981689453125,-55.1201171875,-1.3399963378906392,6.5400390625,-0.19400024414062145
2023-03-26,0.0,0.0,0.0,0.0,0.0,0.0,0.0,0.0
2023-03-27,0.0,0.0,0.0,0.0,0.0,0.0,0.0,0.0
2023-03-28,-0.1210002899169921,-0.5149993896484375,-0.004571145261602627,-0.48699951171875,-52.759765625,-2.0500030517577983,-6.260009765625,-0.38999938964844105
2023-03-29,0.5739994049072266,0.7469997406005859,0.0215013495196672,0.5649986267089844,210.16015625,1.5299987792968608,56.5400390625,0.37800025939941406
2023-03-30,0.3990001678466797,0.5049991607666087,0.014678291660528586,0.4210014343261719,87.2294921875,1.7900009155273295,23.02001953125,0.4039993286132777
2023-03-31,0.3940010070800781,0.003000259399406957,0.014285993803728747,0.33499908447265625,208.4404296875,0.13000488281252842,58.47998046875,-0.08900070190428977
2023-04-01,0.1879997253417968,0.2310009002685547,0.006745378214629394,0.1660003662109375,-32.4599609375,-1.4500045776367188,15.19970703125,0.3690013885497976
2023-04-02,0.0,0.0,0.0,0.0,0.0,0.0,0.0,0.0
2023-04-03,0.0,0.0,0.0,0.0,0.0,0.0,0.0,0.0
2023-04-04,-0.5120010375976562,-0.029001235961914062,-0.018478314365858672,0.0,-63.1201171875,-0.6899948120117188,-23.90966796875,0.45699882507324574
2023-04-05,-0.5719985961914062,-0.9119987487792969,-0.0210556827203372,-1.0020008087158203,-129.4697265625,-3.3100051879882812,-10.22021484375,-1.1369991302490234
2023-04-06,0.1560001373291015,0.03199958801269531,0.005786585898190921,0.08200073242187145,91.099609375,-0.08999633789063921,14.64013671875,-0.24500083923339844
2023-04-07,0.5419998168945312,0.24200057983398438,0.019848308159338135,0.541000366210941,-3.599609375,3.0100021362304688,4.08984375,0.23900032043457742
2023-04-08,0.0,0.0,0.0,0.0,0.0,0.0,0.0,0.0
2023-04-09,0.0,0.0,0.0,0.0,0.0,0.0,0.0,0.0
2023-04-10,0.0,0.0,0.0,0.0,0.0,0.0,0.0,0.0
2023-04-11,-0.4099998474121094,0.4569988250732493,-0.014977990213687065,0.16900062561035156,-52.48046875,-1.4500045776367188,-0.169921875,0.9010009765624929
2023-04-12,-0.6739997863769531,-0.6779994964599609,-0.025120572867698865,-0.32200050354003906,-102.5400390625,-1.6999969482422017,-16.989990234375,-0.3540000915527344
2023-04-13,-0.0320014953613281,-0.11899948120117898,-0.0012085614693098101,-0.5810012817382812,236.9296875,-0.2400054931640483,54.270263671875,-0.6360015869140625
2023-04-14,0.2950000762939453,-0.1090011596679723,0.011085966231294542,-0.0039997100830078125,-42.7998046875,-0.339996337890625,-8.580078125,-0.22999954223632812
2023-04-15,0.2440013885498047,0.21300125122070668,0.009077494903402261,0.1230010986328125,34.25,-1.8799972534179688,13.6796875,0.061000823974609375
2023-04-16,0.0,0.0,0.0,0.0,0.0,0.0,0.0,0.0
2023-04-17,0.0,0.0,0.0,0.0,0.0,0.0,0.0,0.0
2023-04-18,0.6649990081787109,0.9239997863769531,0.024329393345216666,1.1040000915527308,-4.3095703125,-0.09000396728515625,3.55029296875,0.9680004119873011
2023-04-19,0.2639999389648402,-0.125,0.009496813740009102,-0.11000061035155895,3.8203125,0.160003662109375,-0.35009765625,-0.17200088500975852
2023-04-20,-0.8269996643066406,-0.23200035095214844,-0.030055852523024118,0.030000686645507812,-97.6708984375,0.1699981689453125,-24.72998046875,0.30999946594237926
2023-04-21,0.0149993896484375,-0.2779998779296875,0.000553248258090111,-0.8470001220703125,12.900390625,-1.6800003051757812,3.72998046875,-0.7189998626708984
2023-04-22,-0.076999664306637,-0.05100059509277344,-0.0028433639401499455,0.18299865722656605,-35.259765625,-0.8600006103515625,3.52001953125,0.061000823974609375
2023-04-23,0.0,0.0,0.0,0.0,0.0,0.0,0.0,0.0
2023-04-24,0.0,0.0,0.0,0.0,0.0,0.0,0.0,0.0
2023-04-25,-0.8010005950927699,-0.4459991455078125,-0.030068162715403357,-0.11899948120117898,-238.0400390625,-3.7699966430664062,-65.41015625,0.06499862670898438
2023-04-26,0.7150001525878871,0.4799995422363246,0.026882840425384025,0.08300018310546875,55.189453125,2.1399993896484375,-15.639892578125,-0.07599830627441406
2023-04-27,0.2700004577636719,-0.07999992370605113,0.009966509049944783,0.1650009155273473,287.890625,1.5,79.360107421875,0.36100006103515625
2023-04-28,0.5230007171630859,0.44599914550780895,0.019027430377652532,0.2629985809326172,84.33984375,1.9300003051757812,34.1298828125,-0.13800048828125
2023-04-29,1.1609992980957031,0.7090015411376989,0.040987727447229894,1.3000011444091797,-13.98046875,0.31999969482421875,-1.60986328125,0.6149997711181641
2023-04-30,0.0,0.0,0.0,0.0,0.0,0.0,0.0,0.0
2023-05-01,0.0,0.0,0.0,0.0,0.0,0.0,0.0,0.0
2023-05-02,-0.7000007629394531,0.30299949645996094,-0.024511058190318735,-0.2220001220703125,-132.08984375,0.220001220703125,-48.2900390625,0.8400001525878906
2023-05-03,-0.407999038696289,-0.6110000610351562,-0.01456853035849015,-0.46899986267089844,-55.1796875,-8.290000915527344,-28.830078125,-0.8400001525878906
2023-05-04,-0.239999771118164,-0.23200035095214844,-0.008669939783356728,-0.5080013275146484,-58.9296875,4.989997863769531,-29.530029296875,-0.18900108337402344
2023-05-05,1.118000030517578,0.4910011291503906,0.039762003954079805,0.8959999084472656,269.009765625,3.2299957275390625,75.030029296875,0.1750011444091797
2023-05-06,0.4709987640380859,0.6189994812011719,0.01628915922345575,0.4650001525878871,21.509765625,5.200004577636719,1.8701171875,0.6959991455078125
2023-05-07,0.0,0.0,0.0,0.0,0.0,0.0,0.0,0.0
2023-05-08,0.0,0.0,0.0,0.0,0.0,0.0,0.0,0.0
2023-05-09,-0.5799999237060582,0.10000038146972656,-0.02009699812304655,-0.24699974060058594,-77.3701171875,0.01999664306642046,-18.9501953125,0.3770008087158203
2023-05-10,0.3140010833740305,0.010999679565429688,0.010930249684582005,0.14000129699707387,126.890625,1.959999084472642,18.47021484375,0.10599899291992188
2023-05-11,-0.3070011138916051,-0.21500015258789062,-0.010685277078569477,-0.16300010681152344,22.0693359375,0.0800018310546875,-7.02001953125,-0.10899925231933594
2023-05-12,-0.2379989624023437,-0.20000076293945312,-0.008362920431836507,-0.1700000762939453,-43.76953125,-1.8399963378906108,-6.5400390625,-0.3670005798339844
2023-05-13,0.6129989624023438,0.10600090026855469,0.021399555379267632,0.18899917602539062,80.4697265625,2.1399993896484233,12.19970703125,-0.020999908447265625
2023-05-14,0.0,0.0,0.0,0.0,0.0,0.0,0.0,0.0
2023-05-15,0.0,0.0,0.0,0.0,0.0,0.0,0.0,0.0
2023-05-16,0.2600002288818359,0.6800003051757812,0.008939998193007614,0.9010009765625,-22.16015625,4.0800018310546875,-26.3798828125,0.33300018310546875
2023-05-17,0.9650001525878906,0.5979995727539062,0.03249937218679566,0.3289985656738281,157.5205078125,2.2699966430664062,48.8701171875,0.7430000305175781
2023-05-18,1.5,0.8899993896484375,0.04850925233885972,1.6289997100830078,188.26953125,4.180000305175781,39.27978515625,0.8260002136230469
2023-05-19,-0.4139995574951172,0.5960006713867188,-0.01315514383653138,-0.24799919128418324,-30.939453125,-2.1100006103515625,-6.06982421875,1.1259994506835938
2023-05-20,-0.0879993438720703,-0.23600006103515625,-0.0028186867835446883,-0.05999946594237926,62.8798828125,2.1800003051757812,0.64990234375,-0.6350002288818359
2023-05-21,0.0,0.0,0.0,0.0,0.0,0.0,0.0,0.0
2023-05-22,0.0,0.0,0.0,0.0,0.0,0.0,0.0,0.0
2023-05-23,-0.488000869750973,-0.048999786376953125,-0.01577689737356902,-0.23200035095214844,-160.5302734375,0.12000274658204546,-47.0498046875,0.09900093078613281
2023-05-24,-0.149999618530277,-0.8250007629394567,-0.004899876492028277,-0.680999755859375,-76.08984375,0.1499938964843608,-30.33984375,-0.7900009155273438
2023-05-25,7.441999435424805,6.828998565673832,0.21808788007240443,8.87299919128418,213.9296875,12.080001831054688,36.03955078125,8.312999725341797
2023-05-26,0.9659996032714844,0.9150009155273438,0.02511635600756712,-0.3100013732910156,277.6005859375,6.680000305175781,54.17041015625,-0.6329994201660156
2023-05-27,1.1650009155273509,2.3990020751953125,0.029474563092427797,2.7680015563964844,41.7392578125,-1.7600021362304688,0.06982421875,2.7050018310546875
2023-05-28,0.0,0.0,0.0,0.0,0.0,0.0,0.0,0.0
2023-05-29,0.0,0.0,0.0,0.0,0.0,0.0,0.0,0.0
2023-05-30,0.0,0.0,0.0,0.0,0.0,0.0,0.0,0.0
2023-05-31,-2.277000427246101,-2.127002716064453,-0.058442452867321304,-1.6430015563964844,-82.1396484375,-7.05999755859375,-25.68994140625,-1.1070022583007884
2023-06-01,1.9360008239746092,0.5180015563964844,0.04990471116581752,-0.24499893188476562,165.6904296875,1.2600021362304688,41.18994140625,-0.9990005493163991
2023-06-02,-0.4430007934570312,0.7179985046386719,-0.011201573382043861,0.4500007629394531,139.7890625,-1.6100006103515625,61.35009765625,1.608001708984375
2023-06-03,-0.1559982299804687,-0.3509979248046804,-0.003974583636778384,-0.9350013732910227,-11.33984375,0.06999969482421875,-8.580078125,-1.1879997253417898
2023-06-04,0.0,0.0,0.0,0.0,0.0,0.0,0.0,0.0
2023-06-05,0.0,0.0,0.0,0.0,0.0,0.0,0.0,0.0
2023-06-06,-0.5170021057128906,-0.559001922607429,-0.013286468516917171,-0.4049987792968679,46.990234375,6.3000030517578125,10.06005859375,-0.07899856567383523
2023-06-07,-1.1790008544921946,-0.7919998168945312,-0.030976241922724856,0.3390007019042969,-171.51953125,-6.4000015258789205,-16.330078125,0.08499908447265625
2023-06-08,1.0349998474121165,0.1490020751953125,0.02724390097018592,-0.6350021362304688,133.619140625,3.220001220703125,26.41015625,-1.1910018920898438
2023-06-09,0.2600021362304687,1.0620002746582031,0.006728859248402941,0.8470001220703125,20.6201171875,3.8699951171875284,4.9296875,1.3129997253417969
2023-06-10,0.7119979858398509,0.050998687744140625,0.018198068933068967,-0.1809997558593679,202.7802734375,4.270004272460923,40.0703125,0.16300201416015625
2023-06-11,0.0,0.0,0.0,0.0,0.0,0.0,0.0,0.0
2023-06-12,0.0,0.0,0.0,0.0,0.0,0.0,0.0,0.0
2023-06-13,1.5400009155273366,1.1220016479492188,0.03826366011407112,1.571002960205071,111.400390625,-4.660003662109375,30.07958984375,0.9860000610351562
2023-06-14,1.9750022888183596,0.8119964599609304,0.04702189160777426,1.8989982604980469,53.16015625,2.8000030517577983,3.580078125,0.63800048828125
2023-06-15,-0.3440017700195312,1.595001220703132,-0.008032775566352512,0.28900146484375,156.33984375,-3.0900039672851562,53.25,1.7779998779296875
2023-06-16,0.03900146484375,0.5139999389648438,0.0009139719257342804,0.43199920654296875,-93.25,-4.159996032714844,-16.25,0.8479995727539062
2023-06-17,1.115997314453125,0.01300048828125,0.025804837950412995,0.2690010070800781,-22.2802734375,-1.150001525878892,-20.8798828125,-0.4519996643066406
2023-06-18,0.0,0.0,0.0,0.0,0.0,0.0,0.0,0.0
2023-06-19,0.0,0.0,0.0,0.0,0.0,0.0,0.0,0.0
2023-06-20,0.0,0.0,0.0,0.0,0.0,0.0,0.0,0.0
2023-06-21,-0.76300048828125,-0.5939979553222656,-0.01757038088294216,-0.375,-165.08984375,-6.819999694824219,-23.02001953125,0.5029983520507884
2023-06-22,-0.0199966430664062,0.15399932861328125,-0.00046466000922684714,-0.18900299072265625,128.41015625,-1.4100036621093608,16.2001953125,-1.2480010986328196
2023-06-23,-0.8160018920898438,-0.21900177001953125,-0.019147917793371327,-0.6170005798339773,-138.0908203125,-0.6899948120117188,-33.56005859375,0.21100234985351562
2023-06-24,-1.5769996643066406,-1.9150009155273509,-0.03807752702129674,-0.0449981689453125,-156.7392578125,-2.5,-19.51025390625,-0.003002166748046875
2023-06-25,0.0,0.0,0.0,0.0,0.0,0.0,0.0,0.0
2023-06-26,0.0,0.0,0.0,0.0,0.0,0.0,0.0,0.0
2023-06-27,1.243999481201179,0.348003387451179,0.030156924591546286,-0.8240013122558736,219.8896484375,2.8799972534179545,49.59033203125,-1.6619987487792969
2023-06-28,-0.7589988708496165,0.06999969482421164,-0.01829118195040813,-0.09499740600585227,36.080078125,-0.2200012207031108,-1.55029296875,-0.13899993896484375
2023-06-29,-0.2950019836425781,0.08199691772460938,-0.007200558005690194,-0.24500274658203836,-0.419921875,1.0699996948241903,19.580078125,0.8979988098144531
2023-06-30,1.479999542236321,0.9010009765625142,0.03561320486834196,0.9500007629394602,196.58984375,2.670005798339858,53.93994140625,0.12200164794921875
2023-07-01,0.1110000610351633,0.7010002136230398,0.002620554314020751,0.34799957275390625,28.849609375,1.9099960327148438,5.2099609375,0.8369979858398438
2023-07-02,0.0,0.0,0.0,0.0,0.0,0.0,0.0,0.0
2023-07-03,0.0,0.0,0.0,0.0,0.0,0.0,0.0,0.0
2023-07-04,-0.0959968566894531,-0.11700057983398438,-0.0022659482658546892,0.27899932861327414,-25.119140625,-1.870002746582017,-8.77001953125,-0.3819999694824219
2023-07-05,0.0,0.0,0.0,0.0,0.0,0.0,0.0,0.0
2023-07-06,-0.2140007019042968,-0.7389984130859375,-0.005069916021463783,-0.9979972839355398,-112.6103515625,-0.46999359130860796,-35.22998046875,-0.2909965515136719
2023-07-07,0.3999977111816406,0.8339996337890625,0.009455610623529509,1.0349998474121094,-18.3203125,-0.31000518798826704,-12.6396484375,0.477996826171875
2023-07-08,-0.322998046875,-0.5310020446777344,-0.007628440616182619,-0.4029998779296875,24.7607421875,0.4100036621093466,10.57958984375,0.3350028991699219
2023-07-09,0.0,0.0,0.0,0.0,0.0,0.0,0.0,0.0
2023-07-10,0.0,0.0,0.0,0.0,0.0,0.0,0.0,0.0
2023-07-11,0.2249984741211008,0.4180030822753906,0.005320068741178741,-0.05300140380859375,75.2197265625,-2.2600021362304545,29.72998046875,-0.17600250244140625
2023-07-12,1.4970016479492116,0.7099990844726562,0.03469363583487217,1.177001953125,158.259765625,3.2600021362304545,32.900390625,0.552001953125
2023-07-13,2.075000762939453,1.7150001525878906,0.0461814104721916,2.2199974060058665,219.6103515625,1.3399963378906534,37.8798828125,1.4850006103515554
2023-07-14,-0.5079994201660156,0.5680007934570312,-0.011110483333365284,1.933002471923821,-24.8701171875,0.02000427246090908,-4.6201171875,2.0649986267089915
2023-07-15,0.9919967651367188,0.20199966430664062,0.021582405473099087,-1.5920028686523438,131.25,2.379997253417983,17.3701171875,-0.29399871826171875
2023-07-16,0.0,0.0,0.0,0.0,0.0,0.0,0.0,0.0
2023-07-17,0.0,0.0,0.0,0.0,0.0,0.0,0.0,0.0
2023-07-18,1.033000946044922,0.4720001220703125,0.02199015687546302,1.4000015258789134,108.689453125,-0.3899993896484375,32.18994140625,0.4119987487792969
2023-07-19,-0.4169998168945312,1.0079994201660156,-0.008818824443497686,-0.07799911499024148,4.3798828125,-1.5,10.740234375,0.76300048828125
2023-07-20,-1.5569992065429688,-1.6800003051757812,-0.033632752031257596,-0.7309989929199219,-294.7099609375,-6.180000305175781,-30.85009765625,-0.957000732421875
2023-07-21,-1.2110023498535083,-0.9620018005371165,-0.026964025888835064,-1.2210006713867188,-30.5,0.6999969482422017,1.4697265625,-0.7190017700195312
2023-07-22,0.3030014038085866,-0.059997558593742895,0.006815096201664872,-0.7569999694824219,26.060546875,-0.3399963378906392,18.30029296875,-1.0569992065429688
2023-07-23,0.0,0.0,0.0,0.0,0.0,0.0,0.0,0.0
2023-07-24,0.0,0.0,0.0,0.0,0.0,0.0,0.0,0.0
2023-07-25,1.0670013427734375,0.8829994201660156,0.023635822208801116,1.0739974975585938,85.689453125,2.3899993896484375,12.81982421875,0.21000289916991477
2023-07-26,-0.2270011901855468,-0.292999267578125,-0.004981875725930784,-0.12999725341796875,-17.279296875,-2.910003662109375,-0.7099609375,1.079998016357436
2023-07-27,0.4480018615722656,1.1199989318847656,0.009808333639953037,1.3419990539550781,-77.169921875,1.0100021362304688,-29.33984375,0.4980010986328054
2023-07-28,0.8499984741210938,0.6310005187988281,0.01834910542464785,-0.3680000305175781,266.5498046875,1.8600006103515625,44.81982421875,0.14899826049804688
2023-07-29,-0.0209999084472656,0.125,-0.0004492968213174464,0.10300064086914062,29.359375,1.44000244140625,6.72998046875,0.08600234985351562
2023-07-30,0.0,0.0,0.0,0.0,0.0,0.0,0.0,0.0
2023-07-31,0.0,0.0,0.0,0.0,0.0,0.0,0.0,0.0
2023-08-01,-0.2220001220703125,-0.4790000915527344,-0.004762120671505166,-0.22999954223632812,-62.109375,3.1999969482421875,-12.22998046875,-0.2940025329589844
2023-08-02,-2.237998962402344,-2.6399993896484375,-0.04931815766434022,-1.0600013732910156,-310.4599609375,-8.25,-63.33984375,-0.628997802734375
2023-08-03,0.2459983825683593,0.4129981994628906,0.005541516736957686,-0.7220001220703125,-13.73046875,3.8000030517578125,-11.5,-2.0310020446777344
2023-08-04,0.1650009155273437,0.5930023193359304,0.003699783716764493,0.5239982604980469,-50.4794921875,2.6699981689453125,-23.8603515625,1.1850013732910156
2023-08-05,0.73699951171875,0.1699981689453196,0.016360499234945536,-0.10199737548828125,85.16015625,0.9899978637695455,40.41015625,0.12599945068360086
2023-08-06,0.0,0.0,0.0,0.0,0.0,0.0,0.0,0.0
2023-08-07,0.0,0.0,0.0,0.0,0.0,0.0,0.0,0.0
2023-08-08,-0.7529983520507812,-0.5069999694824219,-0.016718639461175133,-0.2980003356933594,-110.080078125,-3.5799942016601705,-19.06005859375,-0.25799942016602273
2023-08-09,-2.1100006103515625,-1.9220008850097656,-0.04839396307331478,-0.9300003051757812,-162.30078125,-2.7600021362304688,-31.669921875,-0.5790023803710938
2023-08-10,-0.1660003662109375,-0.2989997863769531,-0.00390856289979391,-0.7379989624023438,15.970703125,-0.23999786376953125,1.1201171875,-2.1139984130859375
2023-08-11,-1.533000946044922,-1.1959991455078054,-0.03683611319984026,-1.555999755859382,-93.140625,-2.660003662109375,-4.7802734375,-0.4090003967285085
2023-08-12,2.897998809814453,-0.3279991149902415,0.06853094258437631,1.7819976806640696,143.48046875,4.410003662109375,25.67041015625,-1.2649993896484375
2023-08-13,0.0,0.0,0.0,0.0,0.0,0.0,0.0,0.0
2023-08-14,0.0,0.0,0.0,0.0,0.0,0.0,0.0,0.0
2023-08-15,0.187000274658196,3.398998260498047,0.004264891486231992,1.4680023193359304,-157.2802734375,-0.6300048828125,-51.8603515625,4.074001312255852
2023-08-16,-0.4539985656738139,-0.3040008544921875,-0.010385987086259263,-0.5930023193359304,-156.419921875,-4.159996032714858,-33.52978515625,-0.04000091552734375
2023-08-17,-0.1419982910156321,-0.4049987792968679,-0.0032707224371355537,-0.6129989624023438,-157.7001953125,-2.75,-33.97021484375,-0.5499992370605469
2023-08-18,-0.0450019836425781,-1.3409996032714915,-0.0010387910594253924,-0.48400115966796164,-26.1494140625,1.009994506835966,-0.64990234375,-1.3350028991699219
2023-08-19,3.667999267578125,2.562000274658203,0.08131567218079594,3.486999511718736,206.8095703125,2.7700042724609233,30.06005859375,1.8590011596679688
2023-08-20,0.0,0.0,0.0,0.0,0.0,0.0,0.0,0.0
2023-08-21,0.0,0.0,0.0,0.0,0.0,0.0,0.0,0.0
2023-08-22,-1.2989997863769531,1.1110000610351562,-0.028047389524547217,1.1220016479492259,8.2802734375,-2.55999755859375,-12.22021484375,3.6409988403320312
2023-08-23,1.4480018615722656,-0.125,0.03121485228575205,-0.98699951171875,215.16015625,3.7699966430664062,48.4599609375,-2.2689971923828125
2023-08-24,0.0469970703125,1.951000213623054,0.0009969786387205026,3.065998077392578,-257.060546875,-7.629997253417983,-59.69970703125,4.349998474121101
2023-08-25,-1.1449966430664134,-2.135002136230476,-0.024576990581774094,-2.46099853515625,126.6806640625,0.4499969482422017,29.39990234375,-3.2039985656738352
2023-08-26,0.816997528076179,-0.13599777221679688,0.01759810899435088,-0.8250007629394531,114.4794921875,0.3600006103515625,27.60009765625,-0.5300025939941335
2023-08-27,0.0,0.0,0.0,0.0,0.0,0.0,0.0,0.0
2023-08-28,0.0,0.0,0.0,0.0,0.0,0.0,0.0,0.0
2023-08-29,1.9490013122558665,1.5029983520507812,0.040771631265084984,2.101001739501953,238.6298828125,3.309997558593764,64.31982421875,0.18400192260741477
2023-08-30,0.4799995422363281,2.0340003967285156,0.009791191564956225,0.845996856689446,75.5498046875,0.6699981689452983,17.240234375,2.3779983520507812
2023-08-31,0.0909996032714772,0.5330009460449219,0.0018454786517270172,-0.1829986572265554,15.66015625,-0.8699951171875,-7.2099609375,0.3360023498535156
2023-09-01,-0.8460006713867188,-0.8160018920898438,-0.017289744133744733,0.055999755859375,-3.16015625,3.7299957275390767,8.10986328125,0.3819999694824219
2023-09-02,0.03900146484375,-0.2819976806640625,0.0008036816975973693,-0.9489974975585938,-10.859375,1.3300018310546733,-18.93994140625,-1.539001464843743
2023-09-03,0.0,0.0,0.0,0.0,0.0,0.0,0.0,0.0
2023-09-04,0.0,0.0,0.0,0.0,0.0,0.0,0.0,0.0
2023-09-05,0.0,0.0,0.0,0.0,0.0,0.0,0.0,0.0
2023-09-06,-1.48699951171875,-1.279998779296875,-0.031108356107919732,-0.302001953125,-148.48046875,-1.5,-31.35009765625,0.2180023193359233
2023-09-07,-0.8199996948242188,-1.4280014038085938,-0.017577775204195234,-2.204998016357422,-123.6396484375,-2.69000244140625,-14.33984375,-2.9160003662109304
2023-09-08,-0.6690025329589844,0.11899948120117898,-0.014573412814991027,0.2619972229003906,12.7001953125,-0.5,6.35009765625,0.41699981689453125
2023-09-09,-0.3939971923828125,-0.9589996337890696,-0.008683188273758802,-0.44300079345703125,156.359375,-0.7699966430664062,29.9697265625,0.20599746704101562
2023-09-10,0.0,0.0,0.0,0.0,0.0,0.0,0.0,0.0
2023-09-11,0.0,0.0,0.0,0.0,0.0,0.0,0.0,0.0
2023-09-12,-0.3080024719238281,0.21899795532226562,-0.006840877574690207,-0.48999786376953125,-144.279296875,-0.01000213623045454,-25.56005859375,-1.4099998474121165
2023-09-13,0.6150016784667969,-0.0279998779296875,0.013613218509540115,0.2569999694824219,39.9794921875,2.400001525878892,5.5400390625,-0.13800048828125
2023-09-14,0.0960006713867187,0.6280021667480469,0.0021083764512410674,0.05699920654296875,112.4599609375,-1.0800018310547017,37.66015625,1.3500022888183665
2023-09-15,-1.680999755859375,-1.3230018615722656,-0.03757663630482311,-0.38800048828125,-217.7197265625,-5.1399993896484375,-54.7802734375,-0.6090011596679616
2023-09-16,0.0659980773925852,-1.8079986572265625,0.001502244075208381,-1.3569984436035156,1.91015625,0.8800048828125284,3.2099609375,-2.592998504638679
2023-09-17,0.0,0.0,0.0,0.0,0.0,0.0,0.0,0.0
2023-09-18,0.0,0.0,0.0,0.0,0.0,0.0,0.0,0.0
2023-09-19,-0.4459991455078196,1.0019989013671875,-0.010195985848241662,-0.2760009765624929,-32.0498046875,-0.760002136230483,-9.57958984375,1.0849990844726562
2023-09-20,-1.2810020446777344,-0.7789993286132741,-0.029876685760689803,-0.06299972534180398,-209.060546875,-1.2700042724609375,-41.75,-0.2330017089843821
2023-09-21,-1.2220001220703125,-1.2430000305175852,-0.029357354057069518,-1.8030014038086009,-245.1494140625,-4.2299957275390625,-72.2001953125,-2.016998291015618
2023-09-22,0.5930023193359375,0.25099945068359375,0.01435396441484249,0.01500320434571023,-12.1708984375,0.08999633789063921,-9.93994140625,-0.0110015869140625
2023-09-23,0.61199951171875,-0.054000854492194605,0.014600877440384075,0.42099761962890625,59.5107421875,1.1800003051757528,17.3798828125,0.01900100708008523
2023-09-24,0.0,0.0,0.0,0.0,0.0,0.0,0.0,0.0
2023-09-25,0.0,0.0,0.0,0.0,0.0,0.0,0.0,0.0
2023-09-26,-0.3110008239746094,0.47800064086915484,-0.007393109545015708,0.2840003967285156,-207.7099609375,-1.4199981689452983,-63.91015625,0.4099998474121094
2023-09-27,0.5569992065429688,-0.02599716186524148,0.013202510381235655,0.052001953125,29.2392578125,2.1100006103515625,0.97998046875,0.32900238037108664
2023-09-28,0.621002197265625,0.48600006103515625,0.014516944467594328,0.5739974975585938,108.4306640625,4.690002441406264,25.1904296875,0.12999725341796875
2023-09-29,0.4099998474121094,1.1919975280761719,0.009470201545469958,0.6980018615722656,18.0400390625,0.05999755859373579,-11.650390625,1.3670005798339844
2023-09-30,1.283000946044922,0.5540008544921946,0.029068344408258895,1.0309982299804688,88.44921875,0.4499969482421875,0.34033203125,0.20299911499024148
2023-10-01,0.0,0.0,0.0,0.0,0.0,0.0,0.0,0.0
2023-10-02,0.0,0.0,0.0,0.0,0.0,0.0,0.0,0.0
2023-10-03,-1.2650032043457031,-0.615001678466804,-0.02865467928470178,-0.0449981689453125,-248.2998046875,-3.189994812011733,-58.93994140625,0.7779998779296804
2023-10-04,0.5240020751953125,0.046001434326171875,0.01196939946578901,-0.9869995117187571,176.5400390625,3.9899978637695455,34.2998046875,-1.0659980773925781
2023-10-05,0.6469993591308594,0.5960006713867188,0.014583976514440877,0.756999969482429,-16.1796875,-1.1599960327148438,-5.56005859375,0.3079986572265625
2023-10-06,1.0740013122558594,0.13800048828125,0.023749072027247298,0.8889999389648438,211.509765625,4.329994201660142,50.31005859375,0.14300155639648438
2023-10-07,-0.4890022277832031,0.3419990539550781,-0.010743273068497317,-0.18400192260742188,52.900390625,-0.26999664306639204,27.16015625,0.6489982604980469
2023-10-08,0.0,0.0,0.0,0.0,0.0,0.0,0.0,0.0
2023-10-09,0.0,0.0,0.0,0.0,0.0,0.0,0.0,0.0
2023-10-10,0.5250015258789062,0.720001220703125,0.011529627358815464,0.6539993286132812,78.599609375,2.040000915527358,22.580078125,0.4680023193359375
2023-10-11,1.0079994201660156,0.9619979858398438,0.021770965243962603,0.6000022888183594,96.83984375,-0.7000045776367188,18.7099609375,0.8859977722167969
2023-10-12,0.1389999389648437,0.2800025939941406,0.0029653025915816755,0.75,-85.4599609375,0.48000335693357954,-27.34033203125,0.5810012817382812
2023-10-13,-1.4840011596679688,-1.0500030517578054,-0.032121913889013864,-0.4930000305175781,-166.9892578125,-3.7000045776367188,-21.830078125,0.1829986572265625
2023-10-14,0.634002685546875,-0.36800003051758523,0.013849727412102109,-0.891002655029304,160.75,1.3700027465820312,45.85009765625,-1.8969993591308594
2023-10-15,0.0,0.0,0.0,0.0,0.0,0.0,0.0,0.0
2023-10-16,0.0,0.0,0.0,0.0,0.0,0.0,0.0,0.0
2023-10-17,-2.157001495361328,-2.4319992065429688,-0.0479249676769431,-1.470996856689446,-34.23046875,-1.3199996948242188,-0.4296875,-1.0629997253417969
2023-10-18,-1.7420005798339844,-0.654998779296875,-0.040454133486934385,-1.5349998474121094,-219.4501953125,-2.970001220703111,-58.60009765625,-1.4090003967285085
2023-10-19,-0.0949974060058593,0.05699920654296875,-0.0022538748762990224,0.07799911499023438,-128.1201171875,0.23000335693357954,-36.60009765625,0.2200012207031179
2023-10-20,-0.7140007019042969,-0.8040008544921804,-0.017104687764020632,-0.8269996643066406,-202.3701171875,-0.590003967285142,-53.83984375,-0.9210014343261719
2023-10-21,1.5879974365234304,-0.13299942016602273,0.03765166883402005,0.7779998779296875,34.5205078125,-1.7999954223632812,-7.1201171875,-0.6609992980957031
2023-10-22,0.0,0.0,0.0,0.0,0.0,0.0,0.0,0.0
2023-10-23,0.0,0.0,0.0,0.0,0.0,0.0,0.0,0.0
2023-10-24,0.687999725341804,1.746002197265618,0.015882504541909093,0.44899749755859375,121.5400390625,1.6599960327148438,30.64013671875,1.8479995727539062
2023-10-25,-1.8839988708496092,-1.1360015869140554,-0.044107215429683766,-0.0469970703125,-318.650390625,-5.6100006103515625,-60.91015625,0.3209991455078125
2023-10-26,-1.4529991149902344,-1.6749992370605469,-0.03539737736165227,-1.3940010070800781,-225.609375,-2.3899993896484375,-49.5400390625,-1.5449981689453125
2023-10-27,0.1739997863769531,0.13499832153320312,0.004305546599206789,-1.0499992370605469,47.3994140625,2.7600021362304545,-19.85986328125,-0.7229995727539062
2023-10-28,0.6609992980957031,0.4659996032714844,0.01618921493803116,0.55999755859375,146.470703125,-0.25,49.44970703125,-0.042999267578125
2023-10-29,0.0,0.0,0.0,0.0,0.0,0.0,0.0,0.0
2023-10-30,0.0,0.0,0.0,0.0,0.0,0.0,0.0,0.0
2023-10-31,-0.381000518798821,-1.2509994506835938,-0.00929945383808306,-0.8869972229003906,61.759765625,2.3199996948242188,26.97998046875,-0.6370010375976562
2023-11-01,1.545001983642571,1.6389999389648438,0.03718621083249829,1.5019989013671875,210.2294921875,9.540000915527344,44.06005859375,0.43399810791015625
2023-11-02,1.180999755859375,2.0250015258789062,0.02752092549733698,1.5029983520507812,232.720703125,-0.20999908447267046,79.919921875,2.444000244140632
2023-11-03,1.4990005493164062,0.8289985656738352,0.03387474690002934,1.424999237060554,184.08984375,4.419998168945327,40.56005859375,0.6920013427734304
2023-11-04,0.7459983825683665,1.1759986877441335,0.016440018957187608,0.6260032653808523,40.5,-0.5,7.64013671875,1.2649993896484375
2023-11-05,0.0,0.0,0.0,0.0,0.0,0.0,0.0,0.0
2023-11-06,0.0,0.0,0.0,0.0,0.0,0.0,0.0,0.0
2023-11-07,0.2040023803710866,0.259002685546875,0.004449059255093868,0.28299713134765625,121.080078125,1.6999969482422017,12.39990234375,0.4340019226074219
2023-11-08,0.6189994812011719,0.80999755859375,0.013379777032173745,0.6490020751953125,10.5498046875,0.1399993896484233,4.39990234375,0.3809967041015554
2023-11-09,0.3759994506835937,0.7820014953613281,0.008040748217552629,1.3629989624023438,-128.9599609375,-0.09999847412110796,-35.4296875,1.3670005798339915
2023-11-10,1.3849983215332031,0.5330009460449219,0.029072695070963217,0.24200057983398438,276.66015625,5.099998474121108,67.89013671875,0.033000946044921875
2023-11-11,0.2849998474121094,0.8159980773925781,0.005879029944061198,0.6440010070800781,-30.3701171875,-1.7999954223632812,-3.6904296875,0.8199996948242188
2023-11-12,0.0,0.0,0.0,0.0,0.0,0.0,0.0,0.0
2023-11-13,0.0,0.0,0.0,0.0,0.0,0.0,0.0,0.0
2023-11-14,1.0359992980957031,0.9410018920898438,0.02108424654638119,0.7179985046386719,326.6396484375,3.089996337890611,84.150390625,1.3600006103515625
2023-11-15,-0.7679977416992188,-0.8400001525878906,-0.015587215885351835,0.12599945068359375,9.4599609375,-1.8799972534179545,7.1796875,0.2550010681152344
2023-11-16,0.5919990539550781,0.13000106811523438,0.012036560692430864,-0.43499755859375,9.830078125,1.8300018310546733,5.3603515625,-1.2560005187988281
2023-11-17,-0.1819992065429687,0.6769981384277344,-0.003685019188901073,0.19199752807617188,11.810546875,0.7900009155273722,5.77978515625,0.8449974060058594
2023-11-18,1.1110000610351634,0.17399978637695312,0.022286219350209358,0.8310012817382812,159.0498046875,0.9099960327148295,33.35986328125,-0.21199798583984375
2023-11-19,0.0,0.0,0.0,0.0,0.0,0.0,0.0,0.0
2023-11-20,0.0,0.0,0.0,0.0,0.0,0.0,0.0,0.0
2023-11-21,-0.4650001525878906,0.0410003662109375,-0.00926735578637583,-0.031002044677734375,-84.5498046875,-2.3699951171875,-9.18994140625,0.8139991760253977
2023-11-22,-1.2280006408691406,-1.5320014953613352,-0.024894872566566306,-0.18199920654296875,65.8798828125,3.349998474121108,18.43017578125,-0.273998260498054
2023-11-23,-0.9399986267089916,0.055000305175788355,-0.019484068283943223,-1.4139976501464844,-15.0107421875,-0.20000457763671875,2.7197265625,-1.3819999694824219
2023-11-24,0.0,0.0,0.0,0.0,0.0,0.0,0.0,0.0
2023-11-25,0.4659996032714844,-0.09299850463867188,0.009706581151387894,-0.39100265502928977,-9.830078125,0.34000396728514204,-8.90966796875,-0.6700019836425781
2023-11-26,0.0,0.0,0.0,0.0,0.0,0.0,0.0,0.0
2023-11-27,0.0,0.0,0.0,0.0,0.0,0.0,0.0,0.0
2023-11-28,-0.4210014343261719,-0.1790008544921804,-0.008765167253228956,-0.20699691772461648,40.740234375,-0.6399993896484233,4.4599609375,0.4360008239746165
2023-11-29,0.319000244140625,0.38700103759764914,0.006648563980867994,0.4389991760253906,-23.26953125,1.8399963378906108,-4.31005859375,0.14300155639647727
2023-11-30,-1.3699989318847656,-1.4379997253417969,-0.028871438150904094,-0.6520004272460938,-32.2705078125,-2.6899948120117188,17.2197265625,-0.35500335693359375
2023-12-01,-0.0050010681152343,-0.2350006103515625,-0.00010693469029021685,-0.9099998474121094,78.810546875,0.2299957275390625,26.830078125,-1.4989967346191406
2023-12-02,-1.2550010681152344,-1.177001953125,-0.02720300168777756,-1.1230010986328125,-119.5400390625,-2.8199996948242188,-24.85009765625,-0.4480018615722656
2023-12-03,0.0,0.0,0.0,0.0,0.0,0.0,0.0,0.0
2023-12-04,0.0,0.0,0.0,0.0,0.0,0.0,0.0,0.0
2023-12-05,1.0560035705566335,0.2610015869140696,0.02293865658521188,0.522998809814446,44.419921875,-0.1900024414062642,-2.599609375,-0.6110000610351491
2023-12-06,-1.0630035400390554,0.14099884033202414,-0.023092480099480728,0.7870025634765696,-83.2001953125,-1.5599975585937358,-17.84033203125,1.7490005493163991
2023-12-07,1.0930023193359375,0.1920013427734375,0.023736493313200935,-0.7579994201660156,193.2802734375,11.549995422363281,36.25,-1.5149993896484375
2023-12-08,0.9099998474121094,0.9459991455078125,0.019341314827394207,1.11199951171875,63.9794921875,0.5500030517578125,18.7802734375,0.8950004577636719
2023-12-09,-0.8790016174316406,-0.7199974060058594,-0.018676280849406535,-0.21000289916992188,28.5205078125,5.4900054931640625,18.06982421875,0.8959999084472656
2023-12-10,0.0,0.0,0.0,0.0,0.0,0.0,0.0,0.0
2023-12-11,0.0,0.0,0.0,0.0,0.0,0.0,0.0,0.0
2023-12-12,1.0300025939941406,0.21599960327148438,0.02184980627625066,0.13500213623046875,100.91015625,3.1999969482421875,21.26025390625,-1.4449996948242188
2023-12-13,0.430999755859375,1.5620002746582031,0.009003136555810531,0.9280014038085938,200.5595703125,0.5800018310546875,63.3896484375,1.5830001831054688
2023-12-14,0.2619972229003835,-0.18600082397460938,0.005433498584019869,0.07599639892578125,27.599609375,-0.19000244140625,12.4599609375,0.7609977722167969
2023-12-15,0.5400009155273509,0.697998046875,0.011106673766097419,0.7340011596679688,52.3603515625,1.149993896484375,-0.35986328125,-0.1959991455078054
2023-12-16,1.1870002746582031,1.0300025939941406,0.023988950034244727,1.0289993286132812,90.8896484375,-0.25,21.3701171875,1.2060012817382741
2023-12-17,0.0,0.0,0.0,0.0,0.0,0.0,0.0,0.0
2023-12-18,0.0,0.0,0.0,0.0,0.0,0.0,0.0,0.0
2023-12-19,-0.4729995727539062,-0.2550010681152344,-0.009490336654420783,-0.7329978942871094,98.41015625,1.25,27.81005859375,0.023998260498046875
2023-12-20,-1.493000030517571,-0.7970008850097585,-0.0305606350227845,0.2989997863769531,-225.279296875,-4.67999267578125,-70.02001953125,0.23099899291992898
2023-12-21,0.8790016174316335,0.3209991455078054,0.018105387448485555,-0.9039993286132812,185.9296875,4.44000244140625,48.39990234375,-0.8439979553222727
2023-12-22,-0.1599998474121093,0.048000335693359375,-0.0032713143397713473,0.2879981994628906,29.099609375,-0.30999755859375,7.8798828125,0.3839988708496094
2023-12-23,0.4489974975585937,0.4930000305175781,0.009153097615259398,0.21699905395507102,81.6005859375,3.80999755859375,20.1201171875,-0.22700119018554688
2023-12-24,0.0,0.0,0.0,0.0,0.0,0.0,0.0,0.0
2023-12-25,0.0,0.0,0.0,0.0,0.0,0.0,0.0,0.0
2023-12-26,0.0,0.0,0.0,0.0,0.0,0.0,0.0,0.0
2023-12-27,0.13800048828125,0.125,0.0027964776568376593,0.0800018310546946,24.609375,2.660003662109375,6.830078125,0.5430030822753906
2023-12-28,0.1049995422363281,0.3269996643066406,0.0021225114975860215,0.20399856567382812,-4.0400390625,2.6899871826171875,1.77001953125,0.13199996948241477
2023-12-29,0.0,-0.660999298095696,0.0,0.11300277709960938,-83.7900390625,-1.3499908447265625,-13.52001953125,0.1699981689453196
2023-12-30,-1.3540000915527344,-1.1559982299804759,-0.02772211738523378,-0.7020034790039062,-245.4091796875,-8.830001831054688,-27.0,-0.569000244140625
2023-12-31,0.0,0.0,0.0,0.0,0.0,0.0,0.0,0.0
2024-01-01,0.0,0.0,0.0,0.0,0.0,0.0,0.0,0.0
2024-01-02,0.0,0.0,0.0,0.0,0.0,0.0,0.0,0.0
2024-01-03,-0.5989990234374929,-0.27500152587890625,-0.012513591253299428,-1.1110000610351491,-173.73046875,-3.2599945068359375,-38.02001953125,-1.7589988708496094
2024-01-04,0.4290008544921804,0.18799972534179688,0.008978072559004069,0.31600189208983664,-81.91015625,0.6899871826171875,-16.1298828125,0.2819976806640625
2024-01-05,1.0989990234375,0.7980003356933594,0.022638569361498995,1.0470008850097656,13.7705078125,2.57000732421875,8.56005859375,0.6950035095214844
2024-01-06,3.1559982299804688,1.1730003356933594,0.06229933830294376,2.7280006408691406,319.69921875,7.5999908447265625,66.2998046875,1.0499992370605469
2024-01-07,0.0,0.0,0.0,0.0,0.0,0.0,0.0,0.0
2024-01-08,0.0,0.0,0.0,0.0,0.0,0.0,0.0,0.0
2024-01-09,0.8870010375976562,2.210998535156243,0.016832654919215262,2.049999237060547,13.9404296875,3.0800018310546875,-7.0400390625,2.8889999389648438
2024-01-10,1.2099990844726491,1.7989997863769602,0.022514656646229092,0.2749977111816335,111.9404296875,-0.720001220703125,26.9501953125,1.2150001525878906
2024-01-11,0.4720001220703196,0.07100296020507812,0.008646962145703707,0.7460021972656321,0.5400390625,-0.519989013671875,-3.2099609375,1.3829994201660156
2024-01-12,-0.11199951171875,0.7700004577636719,-0.0020450562963247876,-0.37599945068359375,2.5693359375,-1.4600067138671875,3.58984375,-0.3790016174316406
2024-01-13,1.6720008850097656,0.5699996948242188,0.03010346674617015,1.8649978637695312,-28.41015625,12.180007934570312,-17.85009765625,0.39800262451171164
2024-01-14,0.0,0.0,0.0,0.0,0.0,0.0,0.0,0.0
2024-01-15,0.0,0.0,0.0,0.0,0.0,0.0,0.0,0.0
2024-01-16,0.0,0.0,0.0,0.0,0.0,0.0,0.0,0.0
2024-01-17,-0.3289985656738281,-0.15999984741210938,-0.0058522613179725624,-0.3639984130859375,-88.7294921875,1.42999267578125,-26.77001953125,1.3289985656738352
2024-01-18,1.053997039794929,1.3669967651367259,0.01862897706835831,1.128997802734368,200.0302734375,2.5,41.72998046875,0.9129981994628906
2024-01-19,2.384002685546868,1.118000030517564,0.04089838574844329,1.9000015258789134,255.3193359375,11.55999755859375,58.8701171875,0.7290000915527344
2024-01-20,0.1629981994628906,1.845001220703132,0.0027361332918056647,0.8310012817382812,49.3203125,-6.0500030517578125,10.6201171875,2.0600013732910156
2024-01-21,0.0,0.0,0.0,0.0,0.0,0.0,0.0,0.0
2024-01-22,0.0,0.0,0.0,0.0,0.0,0.0,0.0,0.0
2024-01-23,0.2190017700195312,-0.4850006103515625,0.003664477721467385,-0.4210014343261719,65.650390625,0.2400054931640625,14.169921875,-0.4790000915527344
2024-01-24,1.4889984130859375,1.3530006408691406,0.024565072494722173,2.9389991760253906,55.9794921875,9.8699951171875,3.94970703125,0.7340011596679688
2024-01-25,0.2550010681152344,0.9119987487792898,0.004147072807371366,-0.12999725341796875,28.580078125,2.040008544921875,25.6103515625,2.045997619628899
2024-01-26,-0.5860023498535156,-0.276996612548821,-0.009555913097487156,-0.9360008239746094,-55.1396484375,-3.0800018310546875,-3.18994140625,-1.3899993896484304
2024-01-27,1.434001922607422,0.3339996337890625,0.023224499522140896,0.7059974670410156,172.6796875,0.5800018310546875,36.9599609375,0.2719993591308665
2024-01-28,0.0,0.0,0.0,0.0,0.0,0.0,0.0,0.0
2024-01-29,0.0,0.0,0.0,0.0,0.0,0.0,0.0,0.0
2024-01-30,0.3089981079101562,1.352996826171875,0.0049345449712472345,1.0040016174316406,-118.1396484375,-5.7700042724609375,-2.9599609375,1.6680030822753835
2024-01-31,-1.2469978332519531,-1.55999755859375,-0.020064837494066623,-1.2239990234375,-345.890625,-4.3699951171875,-79.3203125,-1.460002899169929
2024-02-01,1.5,0.9500007629394531,0.024087102984631237,0.9220008850097585,197.6298828125,2.7899932861328125,60.5400390625,0.6599998474121094
2024-02-02,3.133003234863281,2.039997100830071,0.04851289327937369,3.408996582031257,267.310546875,7.1800079345703125,52.419921875,1.8740005493164134
2024-02-03,3.1719970703125,3.5150032043457102,0.04683046457529105,2.897003173828125,-31.2705078125,-3.4300079345703125,-15.7998046875,4.250999450683594
2024-02-04,0.0,0.0,0.0,0.0,0.0,0.0,0.0,0.0
2024-02-05,0.0,0.0,0.0,0.0,0.0,0.0,0.0,0.0
2024-02-06,-1.1090011596679688,-0.904998779296875,-0.01612482550813521,0.25699615478515625,11.3203125,-6.3499908447265625,11.419921875,1.404998779296875
2024-02-07,1.8759994506835935,1.2999954223632812,0.027126769537459516,0.46600341796875,147.6396484375,3.05999755859375,40.830078125,-1.3109970092773438
2024-02-08,-0.4580001831054687,1.8550033569335938,-0.006555056964095307,0.5739974975585938,37.0703125,-1.589996337890625,2.85009765625,1.7549972534179688
2024-02-09,2.49200439453125,0.7569961547851562,0.03515822435899363,1.3909988403320312,196.9501953125,3.1299896240234375,28.69970703125,0.4589996337890625
2024-02-10,0.1149978637695312,1.0380020141601562,0.0015929780876424715,2.4260025024414062,-48.1103515625,-0.5699920654296875,-4.77001953125,2.0670013427734375
2024-02-11,0.0,0.0,0.0,0.0,0.0,0.0,0.0,0.0
2024-02-12,0.0,0.0,0.0,0.0,0.0,0.0,0.0,0.0
2024-02-13,-0.1200027465820312,-1.6299972534179688,-0.0016623645851643332,-1.1610031127929688,-286.9501953125,-0.3700103759765625,-68.669921875,-2.1999969482421875
2024-02-14,1.772003173828125,2.3180007934570312,0.024270553032298636,0.7860031127929688,203.55078125,7.160003662109375,47.4501953125,2.802001953125
2024-02-15,-1.24200439453125,0.46199798583984375,-0.016949387130448024,-0.2610015869140625,47.01953125,-1.94000244140625,29.10986328125,0.6669998168945312
2024-02-16,-0.0449981689453125,0.1009979248046875,-0.0006195065993139792,0.427001953125,-130.51953125,-2.8899993896484375,-24.16015625,0.23099517822265625
2024-02-17,-3.160995483398437,-4.766998291015625,-0.044508038298184616,-2.4459991455078125,-144.8701171875,-8.17999267578125,-30.06005859375,-2.1529998779296875
2024-02-18,0.0,0.0,0.0,0.0,0.0,0.0,0.0,0.0
2024-02-19,0.0,0.0,0.0,0.0,0.0,0.0,0.0,0.0
2024-02-20,0.0,0.0,0.0,0.0,0.0,0.0,0.0,0.0
2024-02-21,-1.9800033569335935,-1.4860000610351562,-0.028923217760692843,-3.0680007934570312,-49.91015625,-1.4000091552734375,6.2900390625,-3.9410018920898438
2024-02-22,11.066001892089844,7.9720001220703125,0.15186991092655688,9.686996459960938,460.75,17.57000732421878,105.22998046875,7.019004821777344
2024-02-23,0.2789993286132812,3.3499984741210938,0.00354611693340523,3.819000244140625,-44.7998046875,-5.339996337890653,1.77001953125,5.7649993896484375
2024-02-24,0.2750015258789062,0.93499755859375,0.003483041455033309,-1.7479934692382812,-20.5703125,-0.510009765625,-19.27001953125,-1.0900039672851562
2024-02-25,0.0,0.0,0.0,0.0,0.0,0.0,0.0,0.0
2024-02-26,0.0,0.0,0.0,0.0,0.0,0.0,0.0,0.0
2024-02-27,-0.3910064697265625,-1.3429946899414062,-0.004955952061862057,-1.1660003662109375,59.0498046875,1.9900054931640625,8.650390625,-0.319000244140625
2024-02-28,-1.037994384765625,-0.0370025634765625,-0.013276836649199986,-0.5470046997070312,-87.5595703125,-1.4600067138671875,-8.42041015625,-1.7609939575195312
2024-02-29,1.4489974975585938,1.2249984741210938,0.018485584378327147,1.0569992065429688,144.1796875,15.990005493164062,26.51025390625,1.4739990234375
2024-03-01,3.1669998168945312,1.0849990844726562,0.03925133913357737,2.3100051879882812,183.0205078125,10.110000610351562,40.81005859375,0.9059982299804688
2024-03-02,2.9580001831054688,4.284004211425781,0.035319703209060194,5.394996643066406,-67.4306640625,2.7200012207031534,-6.1298828125,4.129997253417969
2024-03-03,0.0,0.0,0.0,0.0,0.0,0.0,0.0,0.0
2024-03-04,0.0,0.0,0.0,0.0,0.0,0.0,0.0,0.0
2024-03-05,0.7269973754882812,-0.302001953125,0.008492961614232186,-1.5979995727539062,-267.919921875,-0.22999572753909092,-52.30029296875,1.1399993896484375
2024-03-06,2.736000061035156,3.6129989624023438,0.03133128715761213,3.6269989013671875,91.9501953125,5.5,26.10986328125,2.7520065307617188
2024-03-07,3.9690017700195312,2.5719985961914062,0.043774135820129345,3.042999267578125,241.83984375,0.75,52.60009765625,2.1359939575195312
2024-03-08,-5.140998840332031,-3.0960006713867188,-0.05707524995042945,4.633003234863281,-188.26953125,-3.9900054931640625,-33.669921875,4.9800033569335795
2024-03-09,-1.753997802734375,-2.339996337890625,-0.02024278631816312,-8.603004455566406,-65.8408203125,-9.0,-5.75,-8.708999633789048
2024-03-10,0.0,0.0,0.0,0.0,0.0,0.0,0.0,0.0
2024-03-11,0.0,0.0,0.0,0.0,0.0,0.0,0.0,0.0
2024-03-12,6.138999938964844,1.9840011596679688,0.06912654491610937,3.1630020141601562,246.3701171875,4.369995117187557,57.330078125,1.6200027465820312
2024-03-13,-1.0250015258789205,2.2849960327148438,-0.011214514737849512,-0.45600128173828125,-87.8701171875,-7.970001220703182,-9.9599609375,3.0059967041015625
2024-03-14,-2.944000244140611,-1.8349990844726562,-0.03292773358728862,-0.857994079589858,-49.2392578125,-7.729995727539119,-14.830078125,-1.477996826171875
2024-03-15,-0.1070022583007812,-0.34299468994140625,-0.0012174498107819787,-1.1000061035156108,-155.3603515625,4.0,-33.39013671875,-2.647003173828125
2024-03-16,0.6180038452148438,0.8279953002929688,0.007011167579113575,2.8590011596679688,130.2802734375,-0.41000366210928973,32.330078125,3.4580001831054545
2024-03-17,0.0,0.0,0.0,0.0,0.0,0.0,0.0,0.0
2024-03-18,0.0,0.0,0.0,0.0,0.0,0.0,0.0,0.0
2024-03-19,0.9430007934570312,-2.0749969482421875,0.010604371101198495,-1.8610000610351562,63.33984375,-9.229995727539091,29.08984375,-3.6880035400390483
2024-03-20,0.9739990234375,3.2129974365234375,0.010836163220204753,-0.13399505615234375,202.6201171875,-1.69000244140625,46.1103515625,3.0970001220703125
2024-03-21,1.0629959106445457,2.1819992065429688,0.011693807483203145,2.2379989624023438,32.4296875,-1.0500030517578125,16.90966796875,2.5030059814452983
2024-03-22,2.85400390625,0.4290008544921875,0.030736238752900213,2.1299972534179545,26.98046875,0.970001220703125,-7.349609375,-1.1590042114257528
2024-03-23,0.7129974365234375,2.6760025024414205,0.007533383067711341,1.9879989624023722,-44.349609375,-1.019989013671875,-15.990234375,2.8000030517577983
2024-03-24,0.0,0.0,0.0,0.0,0.0,0.0,0.0,0.0
2024-03-25,0.0,0.0,0.0,0.0,0.0,0.0,0.0,0.0
2024-03-26,-2.441001892089858,-1.0080032348632812,-0.026030078127034173,-0.39099884033204546,-68.7705078125,-0.760009765625,-14.60986328125,1.9099960327148295
2024-03-27,-2.310997009277344,-3.378997802734389,-0.025284257106179098,-3.135002136230483,83.8193359375,1.720001220703125,44.91015625,-2.738998413085909
2024-03-28,0.1060028076172017,0.06999969482421875,0.0011738571048738322,-1.9399948120117188,-20.0595703125,0.9000091552734659,5.85986328125,-3.111999511718764
2024-03-29,0.006996154785142,0.0110015869140625,7.742577947134066e-05,0.9249954223632955,17.3701171875,2.8499908447265625,-10.580078125,0.29900360107421875
2024-03-30,0.0,0.0,0.0,0.0,0.0,0.0,0.0,0.0
2024-03-31,0.0,0.0,0.0,0.0,0.0,0.0,0.0,0.0
2024-04-01,0.0,0.0,0.0,0.0,0.0,0.0,0.0,0.0
2024-04-02,-0.9109954833984376,-1.5839996337890625,-0.01013267264045492,-2.1309967041015767,-156.3798828125,-4.639999389648466,-37.9599609375,-1.8510055541992188
2024-04-03,-0.488006591796875,0.779998779296875,-0.005470448926038429,0.2799987792968892,37.009765625,2.0700073242187216,5.68017578125,0.03600311279296875
2024-04-04,-3.058998107910156,-2.5200042724609375,-0.034989738226832046,0.26000213623046875,-228.3798828125,-14.940002441406222,-64.2802734375,1.9219970703125142
2024-04-05,2.1030044555664062,0.0460052490234375,0.024185735889591164,-2.1529998779296875,199.439453125,4.589996337890625,57.1298828125,-3.540000915527358
2024-04-06,-0.875,0.805999755859375,-0.009992032108032234,0.3489990234375,5.4404296875,-0.5200042724609375,-1.94970703125,1.8339996337890625
2024-04-07,0.0,0.0,0.0,0.0,0.0,0.0,0.0,0.0
2024-04-08,0.0,0.0,0.0,0.0,0.0,0.0,0.0,0.0
2024-04-09,-1.7790069580078125,-3.7099990844726562,-0.0206284537168111,-1.1949996948242188,52.6796875,0.8800048828125,7.52001953125,-1.25799560546875
2024-04-10,1.6850051879882812,0.6869964599609375,0.019549040532027107,-0.2350006103515625,-136.279296875,-3.6399993896484375,-49.27001953125,-3.5159988403320312
2024-04-11,3.576995849609375,3.2170028686523438,0.04027445736106294,3.3389968872070312,271.8388671875,3.3600006103515625,38.419921875,3.4939956665039062
2024-04-12,-2.430000305175781,0.6039962768554688,-0.0271825819206013,-0.5639953613281392,-267.109375,-7.220001220703125,-75.64990234375,2.2789993286132812
2024-04-13,-2.18499755859375,-1.6009979248046875,-0.02508926863569183,0.43799591064454546,-290.0703125,-2.959991455078125,-61.59033203125,-0.6009979248046875
2024-04-14,0.0,0.0,0.0,0.0,0.0,0.0,0.0,0.0
2024-04-15,0.0,0.0,0.0,0.0,0.0,0.0,0.0,0.0
2024-04-16,1.41400146484375,0.13500213623046875,0.016307985417400417,-2.4950027465820312,-19.76953125,3.1399993896484375,-10.40966796875,-2.6650009155273438
2024-04-17,-3.3799972534179688,-2.1140060424804688,-0.039433480816044586,0.6570053100585938,-181.8798828125,-9.44000244140625,-29.2001953125,1.9069976806640625
2024-04-18,0.6359939575195312,-1.5479965209960938,0.007539707722989064,-2.5849990844726562,-81.8701171875,1.05999755859375,-11.08984375,-3.3699951171875
2024-04-19,-8.471000671386719,-6.795997619628906,-0.1054117073866152,-1.8660049438476562,-319.490234375,-8.44000244140625,-43.89013671875,-1.8199996948242188
2024-04-20,3.3180007934570312,0.7939987182617188,0.042621960083442545,-4.250999450683594,169.2998046875,2.0,43.3701171875,-5.0460052490234375
2024-04-21,0.0,0.0,0.0,0.0,0.0,0.0,0.0,0.0
2024-04-22,0.0,0.0,0.0,0.0,0.0,0.0,0.0,0.0
2024-04-23,2.904998779296875,3.8639984130859375,0.03588109924467631,2.6959991455078125,245.330078125,3.6300048828125,59.94970703125,2.6650009155273438
2024-04-24,-2.7459945678710938,-1.0810012817382812,-0.03388349549323877,1.3130035400390625,16.1103515625,-0.529998779296875,1.080078125,3.180999755859375
2024-04-25,2.9550018310546875,-0.9599990844726562,0.036416074021738076,-0.759002685546875,-100.990234375,2.019989013671875,-23.2099609375,-5.082000732421875
2024-04-26,5.102996826171875,5.16400146484375,0.059923854019958256,5.008003234863281,316.140625,3.6399993896484375,51.5400390625,4.950004577636719
2024-04-27,0.022003173828125,1.878997802734375,0.00025075984537714646,-0.3390045166015625,55.1796875,2.8000030517578125,16.2099609375,3.7770004272460938
2024-04-28,0.0,0.0,0.0,0.0,0.0,0.0,0.0,0.0
2024-04-29,0.0,0.0,0.0,0.0,0.0,0.0,0.0,0.0
2024-04-30,-1.3550033569335938,1.0340042114257812,-0.015560845730131057,0.8270034790039062,-325.259765625,-1.8199920654296875,-80.47998046875,-0.35500335693359375
2024-05-01,-3.361000061035156,-5.045005798339844,-0.039676362490825845,-2.819000244140625,-52.33984375,-14.110000610351562,-17.2998046875,-2.162994384765625
2024-05-02,2.7760009765625,1.9449996948242188,0.0328826715685242,0.23699951171875,235.4794921875,1.8899993896484375,45.81005859375,-0.6280059814453125
2024-05-03,2.9720001220703125,3.8400039672851562,0.03404564723647496,3.0439987182617188,315.3701171875,4.44000244140625,63.58984375,3.3400039672851562
2024-05-04,3.3509979248046875,2.0149993896484375,0.03704636793431426,2.9390029907226562,192.919921875,5.17999267578125,52.9501953125,1.6009979248046875
2024-05-05,0.0,0.0,0.0,0.0,0.0,0.0,0.0,0.0
2024-05-06,0.0,0.0,0.0,0.0,0.0,0.0,0.0,0.0
2024-05-07,-1.5859985351562358,-0.04399871826171875,-0.01736278560433213,-0.43900299072264204,-16.6904296875,-1.350006103515625,6.9599609375,1.7080001831054688
2024-05-08,-0.1419982910156392,0.40899658203125,-0.0015693369746427877,-0.586997985839858,-29.7998046875,-0.80999755859375,-0.0302734375,-1.6149978637695312
2024-05-09,-1.6650009155273438,-1.188995361328125,-0.018587386768254888,-0.12200164794921875,43.5,-1.2299957275390625,26.41015625,1.0459976196289062
2024-05-10,1.1309967041015625,0.9959945678710938,0.012663533306374042,0.32900238037109375,-5.3896484375,-0.470001220703125,8.60009765625,-0.2239990234375
2024-05-11,0.5210037231445455,-0.697998046875,0.005780051503259109,-0.4029998779297017,47.3701171875,-1.3600006103515625,-1.26025390625,0.17299652099609375
2024-05-12,0.0,0.0,0.0,0.0,0.0,0.0,0.0,0.0
2024-05-13,0.0,0.0,0.0,0.0,0.0,0.0,0.0,0.0
2024-05-14,0.957000732421875,0.404998779296875,0.010530764498784428,0.6529998779297017,122.939453125,2.600006103515625,25.26025390625,-0.878997802734375
2024-05-15,3.273994445800753,2.6650009155273438,0.03521052865092589,3.210998535156264,231.2109375,6.5099945068359375,61.4697265625,2.8730010986328267
2024-05-16,-0.27099609375,2.503997802734375,-0.002867852433329432,0.9570007324218608,-44.0703125,2.9499969482421875,-11.0498046875,2.4380035400390483
2024-05-17,-1.880004882812472,-2.2969970703125,-0.02012511760491531,-1.079002380371108,-12.349609375,1.850006103515625,6.169921875,-0.5410003662109375
2024-05-18,2.301002502441392,1.6340026855468608,0.024576852202645938,0.45999908447268467,108.8984375,1.8600006103515625,4.85986328125,-0.6190032958984375
2024-05-19,0.0,0.0,0.0,0.0,0.0,0.0,0.0,0.0
2024-05-20,0.0,0.0,0.0,0.0,0.0,0.0,0.0,0.0
2024-05-21,0.6060028076171875,-0.26000213623045454,0.006373430137871061,0.20000457763670454,37.75,-1.6699981689453125,13.2802734375,-0.1510009765625
2024-05-22,-0.4360046386718608,0.069000244140625,-0.004581428680368482,0.6199951171875,-31.080078125,0.8600006103515625,-14.400390625,1.8600006103515625
2024-05-23,8.849006652832017,8.27099609375,0.08910596634916512,10.300003051757812,-65.509765625,-5.0900115966796875,-39.169921875,6.569000244140611
2024-05-24,2.6699981689452983,1.4800033569335938,0.02539750812328556,0.154998779296875,184.759765625,5.9300079345703125,36.88037109375,2.4209976196289205
2024-05-25,7.431999206542983,6.883003234863281,0.06747577902957147,8.464004516601562,99.091796875,5.25,1.31982421875,5.795005798339844
2024-05-26,0.0,0.0,0.0,0.0,0.0,0.0,0.0,0.0
2024-05-27,0.0,0.0,0.0,0.0,0.0,0.0,0.0,0.0
2024-05-28,0.0,0.0,0.0,0.0,0.0,0.0,0.0,0.0
2024-05-29,0.9239959716797016,1.0179977416992188,0.00807954501475372,0.5529937744140625,-99.30078125,-6.470001220703125,-39.08984375,2.805999755859361
2024-05-30,-4.324996948242202,-1.2379989624023438,-0.038393682676580276,0.32700347900390625,-183.5,1.6100006103515625,-31.47021484375,1.599998474121108
2024-05-31,-0.8669967651367188,-2.7229995727539205,-0.007877067367060064,-3.1019973754882812,-2.060546875,0.149993896484375,42.02978515625,-2.1300048828125
2024-06-01,5.366996765136719,5.0629959106445455,0.04779367477250229,2.2829971313476562,93.650390625,-3.3499908447265625,5.89013671875,1.1010055541992188
2024-06-02,0.0,0.0,0.0,0.0,0.0,0.0,0.0,0.0
2024-06-03,0.0,0.0,0.0,0.0,0.0,0.0,0.0,0.0
2024-06-04,1.4369964599609375,2.0419998168945455,0.012418195437072121,1.5999984741210938,28.380859375,-3.55999755859375,7.93994140625,2.095001220703139
2024-06-05,6.003005981445298,3.423004150390611,0.05027081021650126,5.8489990234375,330.849609375,6.17999267578125,62.68994140625,2.654998779296861
2024-06-06,-1.4420013427734375,0.8519973754882812,-0.01184710840254688,3.13800048828125,-14.78125,0.6100006103515625,-1.06982421875,5.676994323730469
2024-06-07,-0.1100006103515625,-0.29799652099609375,-0.0009095244636965205,-3.8949966430664062,-39.98828125,1.089996337890625,-5.9697265625,-4.2779998779296875
2024-06-08,0.902000427246108,-1.012001037597642,0.007433756465700547,1.4079971313476562,59.3984375,-7.529998779296875,13.7998046875,0.6000061035156392
2024-06-09,0.0,0.0,0.0,0.0,0.0,0.0,0.0,0.0
2024-06-10,0.0,0.0,0.0,0.0,0.0,0.0,0.0,0.0
2024-06-11,-0.8799972534179688,1.729995727539034,-0.007251760142231056,-0.2299957275390483,151.021484375,-1.3799896240234375,14.52978515625,1.3999938964843608
2024-06-12,4.289993286132827,3.8300018310547017,0.03486593681688621,4.009994506835909,264.888671875,1.279998779296875,45.7099609375,1.290000915527358
2024-06-13,4.410003662109361,4.590003967285156,0.03461751185348749,2.920005798339858,59.12109375,-0.3400115966796875,12.71044921875,6.330001831054673
2024-06-14,2.270004272460937,1.160003662109375,0.01736250908376924,3.0399932861328125,21.3203125,-0.269989013671875,-2.14013671875,0.57000732421875
2024-06-15,-0.9000091552734375,1.2599945068359375,-0.006847848057470962,0.8899993896484375,168.138671875,-1.230010986328125,41.6298828125,3.029998779296875
2024-06-16,0.0,0.0,0.0,0.0,0.0,0.0,0.0,0.0
2024-06-17,0.0,0.0,0.0,0.0,0.0,0.0,0.0,0.0
2024-06-18,4.600006103515625,1.1100006103515625,0.034517278337443,2.600006103515625,5.2109375,-3.769989013671875,13.7998046875,-1.850006103515625
2024-06-19,-4.8000030517578125,-1.1699981689453125,-0.03604537270905439,4.42999267578125,-140.640625,7.149993896484375,-13.85986328125,8.660003662109375
2024-06-20,0.0,0.0,0.0,0.0,0.0,0.0,0.0,0.0
2024-06-21,-4.209999084472656,-5.220001220703139,-0.03272100040587578,-10.129989624023438,-32.23046875,-0.5500030517578125,-8.5498046875,-12.680000305175767
2024-06-22,-8.459999084472656,-6.2600021362304545,-0.06917911360182494,-6.170005798339844,-192.5390625,-0.9799957275390625,-16.75,-3.8800048828125284
2024-06-23,0.0,0.0,0.0,0.0,0.0,0.0,0.0,0.0
2024-06-24,0.0,0.0,0.0,0.0,0.0,0.0,0.0,0.0
2024-06-25,7.9799957275390625,1.279998779296875,0.06537950985011065,2.0400009155273438,220.830078125,0.0,21.4296875,-2.0400009155273153
2024-06-26,0.3100051879882812,3.279998779296875,0.0024555851430632103,1.6199951171875,87.509765625,-2.7100067138671875,8.60009765625,4.930000305175753
2024-06-27,-2.410003662109389,0.31999969482423296,-0.019250593821887207,-1.709991455078125,53.51953125,1.9300079345703125,4.97021484375,-2.029998779296861
2024-06-28,-0.4499969482421733,-0.1699981689453267,-0.003635902284166548,1.2999954223632812,-126.080078125,2.7400054931640625,-22.39013671875,0.48000335693357954
2024-06-29,0.7600021362304545,-3.9199981689453267,0.0061330253896869635,-2.8700027465820312,146.701171875,-4.5200042724609375,14.60986328125,-1.1100006103515483
2024-06-30,0.0,0.0,0.0,0.0,0.0,0.0,0.0,0.0
2024-07-01,0.0,0.0,0.0,0.0,0.0,0.0,0.0,0.0
2024-07-02,-1.6300048828124716,2.1999969482422017,-0.01320021495022683,-1.42999267578125,149.458984375,6.6199951171875,33.919921875,-2.3400039672851705
2024-07-03,5.610000610351548,0.3300018310546875,0.04471755719103765,4.8699951171875,159.541015625,-0.410003662109375,28.01025390625,0.5300064086914205
2024-07-04,-2.4499969482422017,4.319999694824219,-0.019283561153337736,0.57000732421875,164.458984375,8.0,30.169921875,5.7199935913085795
2024-07-05,0.0,0.0,0.0,0.0,0.0,0.0,0.0,0.0
2024-07-06,2.369995117187514,1.3600006103515625,0.018659716526216563,1.9199981689453125,50.98046875,6.790008544921875,5.66015625,0.1100006103515625
2024-07-07,0.0,0.0,0.0,0.0,0.0,0.0,0.0,0.0
2024-07-08,0.0,0.0,0.0,0.0,0.0,0.0,0.0,0.0
2024-07-09,3.1800079345703125,1.6099929809570312,0.02450240394798886,3.0500030517578125,25.548828125,-1.589996337890625,4.1298828125,2.860008239746108
2024-07-10,3.529998779296875,3.7700042724609375,0.026513991965662953,1.279998779296875,218.16015625,6.8600006103515625,56.93017578125,3.67999267578125
2024-07-11,-7.510002136230469,-5.369995117187514,-0.057276161480422694,1.04998779296875,-364.0390625,-2.0200042724609375,-49.3701171875,1.720001220703125
2024-07-12,1.840003967285156,0.1699981689453267,0.014339428344752214,-4.2299957275390625,115.0390625,-0.3300018310546591,30.81005859375,-7.4900054931640625
2024-07-13,-0.8000030517578125,-0.04000091552734375,-0.00620929523042868,-0.529998779296875,74.12109375,-1.7799987792969034,15.8701171875,2.3000030517578125
2024-07-14,0.0,0.0,0.0,0.0,0.0,0.0,0.0,0.0
2024-07-15,0.0,0.0,0.0,0.0,0.0,0.0,0.0,0.0
2024-07-16,-2.0800018310546875,-2.599998474121108,-0.01632690746531562,-2.350006103515625,36.76953125,-2.279998779296875,35.97998046875,-2.1199951171875
2024-07-17,-8.370002746582045,-7.860000610351548,-0.06853512375749826,-7.189994812011719,-512.419921875,-18.120010375976562,-78.93017578125,-7.090003967285156
2024-07-18,3.099998474121108,-0.1600036621093608,0.02593418351675769,0.5500030517578125,-125.69921875,-3.6599884033203125,-43.68017578125,0.5
2024-07-19,-3.159996032714844,0.8100051879882812,-0.026442809833753245,-0.8000030517578125,-144.28125,-4.19000244140625,-39.58984375,-1.5
2024-07-20,5.6100006103515625,2.489997863769517,0.04647376698888017,2.470001220703125,280.630859375,4.2899932861328125,59.41015625,0.0
2024-07-21,0.0,0.0,0.0,0.0,0.0,0.0,0.0,0.0
2024-07-22,0.0,0.0,0.0,0.0,0.0,0.0,0.0,0.0
2024-07-23,-0.9500045776367188,2.2399978637695312,-0.007719573444449956,0.620002746582017,-10.220703125,-1.8699951171875,-8.669921875,2.4300003051757812
2024-07-24,-8.339996337890625,-8.659996032714858,-0.07045639445976537,-4.740005493164034,-654.939453125,-9.3699951171875,-128.6103515625,-3.6100006103515483
2024-07-25,-1.970001220703125,-7.1399993896484375,-0.01739328915258742,-3.319999694824247,-160.689453125,-6.30999755859375,-27.90966796875,-6.129997253417983
2024-07-26,0.7799987792968892,5.279998779296875,0.006922889031518054,-0.43000030517575283,176.16015625,1.6699981689453125,59.8798828125,3.150001525878892
2024-07-27,-1.4700012207031392,-0.279998779296875,-0.01308722227317638,0.08000183105467329,12.318359375,-0.2400054931640625,4.43994140625,-2.5
2024-07-28,0.0,0.0,0.0,0.0,0.0,0.0,0.0,0.0
2024-07-29,0.0,0.0,0.0,0.0,0.0,0.0,0.0,0.0
2024-07-30,-7.859992980957031,-8.760002136230455,-0.07304000557410717,-4.290000915527358,-222.779296875,-1.30999755859375,-27.10009765625,-2.1700057983398295
2024-07-31,13.289993286132812,8.33999633789061,0.12055342986729212,6.349998474121108,451.98046875,6.0399932861328125,85.85986328125,1.3800048828125
2024-08-01,-7.80999755859375,-4.06999969482419,-0.06907220584679852,1.82000732421875,-405.25,-11.94000244140625,-75.61962890625,4.629997253417969
2024-08-02,-1.94000244140625,-5.439994812011719,-0.017923636511362417,-11.44000244140625,-417.990234375,-0.0399932861328125,-100.1201171875,-13.769996643066392
2024-08-03,-6.8199996948242045,-10.68000030517581,-0.06568892843501395,-5.30999755859375,-576.080078125,2.32000732421875,-160.22998046875,-11.700004577636719
2024-08-04,0.0,0.0,0.0,0.0,0.0,0.0,0.0,0.0
2024-08-05,0.0,0.0,0.0,0.0,0.0,0.0,0.0,0.0
2024-08-06,3.8000030517577983,9.860000610351562,0.03713179979883208,4.299995422363281,166.76953125,-4.6400146484375,53.69970703125,11.77999877929686
2024-08-07,-5.339996337890625,-1.8600006103515625,-0.052581477902499785,1.090003967285142,-171.0400390625,-1.5099945068359375,-40.52978515625,3.970001220703139
2024-08-08,6.05999755859375,-1.1700057983398295,0.059464223900362434,-3.3000030517577983,464.2099609375,7.6500091552734375,119.81005859375,-5.809997558593764
2024-08-09,-0.220001220703125,5.910003662109375,-0.0020980478745249442,1.0999984741210938,85.28125,-2.0500030517578125,24.85009765625,3.6399993896484375
2024-08-10,4.269996643066406,2.8300018310547017,0.039954762041979563,4.470001220703125,35.30859375,2.5,0.22998046875,0.6800003051757812
2024-08-11,0.0,0.0,0.0,0.0,0.0,0.0,0.0,0.0
2024-08-12,0.0,0.0,0.0,0.0,0.0,0.0,0.0,0.0
2024-08-13,7.120002746582031,5.31999969482419,0.06326503384436677,5.160003662109375,407.0,4.3600006103515625,90.0400390625,6.120002746582017
2024-08-14,1.940002441406236,2.4899978637695455,0.01656602167046728,2.3699951171875,4.990234375,-0.3800048828125,20.77978515625,6.089996337890639
2024-08-15,4.779998779296889,3.4000015258789062,0.03968312434458188,4.639999389648423,401.900390625,6.6100006103515625,88.01025390625,0.23000335693360796
2024-08-16,1.7200012207031108,3.7099990844726562,0.013902593820177778,1.760002136230483,37.220703125,1.1999969482421875,11.02978515625,3.180000305175753
2024-08-17,5.419998168945327,2.2399978637695455,0.04258635593176052,5.0,245.048828125,6.720001220703125,54.0,2.339996337890639
2024-08-18,0.0,0.0,0.0,0.0,0.0,0.0,0.0,0.0
2024-08-19,0.0,0.0,0.0,0.0,0.0,0.0,0.0,0.0
2024-08-20,-2.75,2.470001220703111,-0.021380795024950494,-0.1199951171875,-59.830078125,1.1199951171875,-11.1298828125,4.1199951171875
2024-08-21,1.25,0.7700042724609375,0.009775248904642986,-0.529998779296875,102.05078125,1.410003662109375,23.72998046875,-1.0799942016601562
2024-08-22,-4.760002136230483,-3.5600051879882812,-0.03774633149629558,1.399993896484375,-299.640625,-6.1100006103515625,-50.2099609375,2.7000045776367188
2024-08-23,5.629997253417983,2.1200027465820312,0.04449390534782616,-1.149993896484375,258.439453125,3.279998779296875,63.9697265625,-4.160003662109375
2024-08-24,-2.909996032714844,-0.8499984741210795,-0.022750432795997533,1.6599884033203125,-152.01953125,-4.989990234375,-17.77001953125,3.7100067138671875
2024-08-25,0.0,0.0,0.0,0.0,0.0,0.0,0.0,0.0
2024-08-26,0.0,0.0,0.0,0.0,0.0,0.0,0.0,0.0
2024-08-27,1.840003967285156,-0.4900054931640909,0.014445250016891897,-2.05999755859375,29.05078125,0.5099945068359375,8.9599609375,-4.520004272460952
2024-08-28,-2.69000244140625,-1.239997863769517,-0.02118942184943773,-0.8699951171875,-198.791015625,-4.1399993896484375,-33.61962890625,3.0699920654297017
2024-08-29,-8.020004272460938,-5.930000305175781,-0.06597790686597182,-3.9000015258789062,-39.599609375,-0.8699951171875,-0.22021484375,-6.7599945068359375
2024-08-30,1.7800064086914205,0.5100021362304688,0.015023969423637595,-2.6800003051757812,197.189453125,3.0699920654296875,56.43994140625,-1.8300018310546875
2024-08-31,-11.370002746582044,-9.930000305175781,-0.10009670899170775,-5.540000915527344,-577.318359375,-11.6199951171875,-119.4697265625,-3.519996643066392
2024-09-01,0.0,0.0,0.0,0.0,0.0,0.0,0.0,0.0
2024-09-02,0.0,0.0,0.0,0.0,0.0,0.0,0.0,0.0
2024-09-03,0.0,0.0,0.0,0.0,0.0,0.0,0.0,0.0
2024-09-04,-1.7900009155273438,-3.1699981689452983,-0.016712969410744627,-2.94000244140625,-52.0,3.92999267578125,-8.8603515625,-10.599998474121108
2024-09-05,1.0,0.6399993896484375,0.00937126161510271,-3.6199951171875,43.359375,-1.42999267578125,-16.65966796875,-0.42000579833985796
2024-09-06,-4.379997253417983,-3.8100051879882812,-0.04171236228085995,-1.5,-436.830078125,-5.089996337890625,-94.990234375,3.0500030517578267
2024-09-07,3.639999389648452,2.740005493164034,0.03478610974402763,-1.599998474121108,193.76953125,3.79998779296875,62.6298828125,-3.160003662109389
2024-09-08,0.0,0.0,0.0,0.0,0.0,0.0,0.0,0.0
2024-09-09,0.0,0.0,0.0,0.0,0.0,0.0,0.0,0.0
2024-09-10,1.6299972534179688,1.259994506835966,0.01519344373797793,2.849998474121108,141.28125,4.69000244140625,24.47021484375,2.9300003051758097
2024-09-11,8.810005187988281,2.470001220703125,0.07834772881317953,7.7900009155273295,369.6484375,7.0200042724609375,58.60986328125,1.5800018310546733
2024-09-12,2.2299957275390625,7.959999084472628,0.01889482773466078,3.599998474121108,174.150390625,0.910003662109375,41.6298828125,7.4499969482421875
2024-09-13,-0.0400009155273437,2.220001220703139,-0.0003358035280554006,-0.8300018310546875,114.30078125,1.5399932861328125,30.26025390625,2.2400054931640483
2024-09-14,-2.3199996948242188,-3.2399978637695312,-0.01967165114713243,-1.779998779296875,-91.849609375,-0.2299957275390625,7.06982421875,-2.2900009155273295
2024-09-15,0.0,0.0,0.0,0.0,0.0,0.0,0.0,0.0
2024-09-16,0.0,0.0,0.0,0.0,0.0,0.0,0.0,0.0
2024-09-17,-1.19000244140625,0.4700012207031108,-0.01024239677808847,0.620002746582017,35.9296875,-1.2599945068359375,1.490234375,1.379997253417983
2024-09-18,-2.2199935913085795,-1.6100006103515483,-0.019392585368071202,-1.1000061035155966,-54.759765625,-2.5300140380859375,-16.3203125,-2.279998779296889
2024-09-19,4.5,4.029998779296875,0.03892551528405175,1.9600067138671733,440.6796875,8.45001220703125,95.38037109375,1.4599990844726562
2024-09-20,-1.8700027465820452,-1.8600006103515625,-0.01599215443390367,-1.0400009155273295,-65.66015625,-0.790008544921875,-11.09033203125,-0.29000091552732954
2024-09-21,0.2600021362304829,-0.529998779296875,0.0022388895414353627,-1.6300048828125284,25.94921875,0.8000030517578125,16.02001953125,-0.5099945068359659
2024-09-22,0.0,0.0,0.0,0.0,0.0,0.0,0.0,0.0
2024-09-23,0.0,0.0,0.0,0.0,0.0,0.0,0.0,0.0
2024-09-24,4.6100006103515625,0.519996643066392,0.038886529947004256,4.810005187988281,100.25,1.57000732421875,14.3603515625,-0.03000640869139204
2024-09-25,2.639999389648437,6.230003356933608,0.021606531151131314,3.1399993896484375,7.69140625,3.6999969482421875,-10.67041015625,5.5
2024-09-26,0.5299987792968608,0.1900024414062358,0.004281959867216578,2.729995727539091,108.078125,5.470001220703125,23.1103515625,4.780006408691392
2024-09-27,-2.639999389648437,-2.5400009155273153,-0.02151321041873544,-3.6399993896484517,-70.69921875,-3.1399993896484375,-7.2001953125,-2.8300018310546733
2024-09-28,0.0400009155273295,-1.1100006103515767,0.0003294425567093029,-2.529998779296875,69.580078125,-0.2700042724609375,24.31005859375,-5.660003662109361
2024-09-29,0.0,0.0,0.0,0.0,0.0,0.0,0.0,0.0
2024-09-30,0.0,0.0,0.0,0.0,0.0,0.0,0.0,0.0
2024-10-01,-4.440002441406236,-2.3600006103515625,-0.037246398953369564,0.9400024414062358,-278.810546875,-4.3300018310546875,-53.72998046875,3.459999084472642
2024-10-02,1.8499984741210935,-0.6500015258789062,0.015688246169752063,-3.0600051879882812,14.759765625,0.029998779296875,0.7900390625,-5.3299942016601705
2024-10-03,4.0,5.1999969482421875,0.033101905579012936,4.980003356933608,-6.638671875,3.07000732421875,-9.60009765625,4.479995727539091
2024-10-04,2.069999694824233,1.4900054931640483,0.01670943121053803,0.6800003051757812,219.369140625,8.04998779296875,51.1298828125,4.020004272460909
2024-10-05,2.8000030517577983,3.1199951171875284,0.022166859647172465,5.599998474121094,-213.94921875,0.07000732421875,-55.1298828125,0.04999542236328125
2024-10-06,0.0,0.0,0.0,0.0,0.0,0.0,0.0,0.0
2024-10-07,0.0,0.0,0.0,0.0,0.0,0.0,0.0,0.0
2024-10-08,5.1699981689453125,4.470001220703111,0.03968133634627602,2.839996337890625,259.01953125,1.8300018310546875,55.18994140625,5.2699966430664205
2024-10-09,-0.2400054931640625,1.9600067138671875,-0.0018076791789400914,1.040008544921875,108.69921875,-1.779998779296875,40.91015625,3.850006103515625
2024-10-10,2.160003662109375,-0.3800048828125,0.016152327021425883,0.4799957275390625,-9.568359375,-6.8400115966796875,-11.990234375,-2.1999969482421875
2024-10-11,-0.0099945068359375,2.660003662109375,-7.414047563436554e-05,0.779998779296875,60.888671875,3.7100067138671875,34.97998046875,2.0999908447265625
2024-10-12,3.270004272460937,2.6399993896484375,0.023968634857840954,3.82000732421875,159.75,-2.6199951171875,44.8203125,2.4600067138671875
2024-10-13,0.0,0.0,0.0,0.0,0.0,0.0,0.0,0.0
2024-10-14,0.0,0.0,0.0,0.0,0.0,0.0,0.0,0.0
2024-10-15,-6.470001220703125,-7.55999755859375,-0.04799379070468657,-1.029998779296875,-187.099609375,-8.6300048828125,-44.59033203125,1.399993896484375
2024-10-16,4.1199951171875,2.839996337890625,0.030826883639791802,-1.95001220703125,51.490234375,-0.5099945068359375,27.21044921875,-3.8899993896484375
2024-10-17,1.209991455078125,5.2899932861328125,0.008875843945054918,4.2700042724609375,6.529296875,0.1199951171875,-1.0,5.3600006103515625
2024-10-18,1.07000732421875,0.410003662109375,0.00778389230184473,-1.9900054931640625,115.94140625,-0.279998779296875,23.19970703125,-0.6699981689453125
2024-10-19,5.710006713867188,0.720001220703125,0.040543741647112164,4.8100128173828125,50.458984375,1.92999267578125,-10.68994140625,-0.5399932861328125
2024-10-20,0.0,0.0,0.0,0.0,0.0,0.0,0.0,0.0
2024-10-21,0.0,0.0,0.0,0.0,0.0,0.0,0.0,0.0
2024-10-22,-0.1200103759765625,3.779998779296875,-0.000835436001962897,0.709991455078125,39.759765625,-3.80999755859375,-2.77978515625,4.779998779296875
2024-10-23,-4.029998779296875,-4.3199920654296875,-0.0284673919773768,-1.9900054931640625,-303.119140625,-1.17999267578125,-53.7802734375,-0.8800048828125
2024-10-24,0.850006103515625,1.0,0.006072141383115515,-1.079986572265625,138.83984375,0.529998779296875,12.43994140625,-1.209991455078125
2024-10-25,1.1299896240234375,2.339996337890625,0.008015575005129172,2.779998779296875,103.119140625,2.7899932861328125,-1.73974609375,0.1099853515625
2024-10-26,-1.019989013671875,-0.75,-0.007232457410950133,-0.9900054931640625,48.580078125,3.69000244140625,15.39990234375,2.07000732421875
2024-10-27,0.0,0.0,0.0,0.0,0.0,0.0,0.0,0.0
2024-10-28,0.0,0.0,0.0,0.0,0.0,0.0,0.0,0.0
2024-10-29,0.7299957275390625,-1.1500091552734375,0.005181512224279317,-0.8800048828125,145.560546875,6.3300018310546875,9.39990234375,-2.7100067138671875
2024-10-30,-1.910003662109375,-2.089996337890625,-0.013614406706403237,-1.92999267578125,-104.8203125,-17.649993896484375,-19.25,-0.75
2024-10-31,-6.580001831054688,-4.6999969482421875,-0.04837401784502493,-2.720001220703125,-512.779296875,-4.529998779296875,-108.2197265625,-1.9399871826171875
2024-11-01,2.639999389648437,2.4600067138671875,0.019690369925386975,-0.3000030517578125,144.76953125,-2.2100067138671875,23.349609375,-2.9000091552734375
2024-11-02,0.6500091552734375,1.0,0.004789172259894059,1.6500091552734375,-59.939453125,-1.149993896484375,-16.10986328125,2.510009765625
2024-11-03,0.0,0.0,0.0,0.0,0.0,0.0,0.0,0.0
2024-11-04,0.0,0.0,0.0,0.0,0.0,0.0,0.0,0.0
2024-11-05,3.8600006103515625,1.7599945068359375,0.027976897259540223,1.4099884033203125,259.189453125,0.9499969482421875,70.06982421875,0.239990234375
2024-11-06,5.699996948242188,4.6300048828125,0.03993243399455615,6.1200103759765625,544.30078125,3.44000244140625,146.2802734375,5.510009765625
2024-11-07,3.270004272460937,4.209991455078125,0.022208826216461475,2.4399871826171875,285.990234375,4.720001220703125,44.06005859375,3.42999267578125
2024-11-08,-1.25,0.089996337890625,-0.008431468510303297,0.8400115966796875,17.318359375,-1.8700103759765625,22.43994140625,2.3800048828125
2024-11-09,-2.3700103759765625,-2.6899871826171875,-0.016183974258719758,-0.9199981689453125,11.98046875,-0.5999908447265625,5.81005859375,-0.0900115966796875
2024-11-10,0.0,0.0,0.0,0.0,0.0,0.0,0.0,0.0
2024-11-11,0.0,0.0,0.0,0.0,0.0,0.0,0.0,0.0
2024-11-12,3.029998779296875,2.4399871826171875,0.020644568349784898,0.79998779296875,-17.359375,-3.720001220703125,-17.35986328125,-1.899993896484375
2024-11-13,-2.019989013671875,-0.1100006103515625,-0.01371551260331394,-0.3199920654296875,-50.6796875,-4.3300018310546875,1.3896484375,2.290008544921875
2024-11-14,0.489990234375,-0.3499908447265625,0.0033443039490981263,-0.3300018310546875,-123.0703125,-0.4600067138671875,-36.2099609375,-1.4300079345703125
2024-11-15,-4.779998779296875,-5.470001220703125,-0.033112389538260345,-3.7599945068359375,-427.53125,-3.94000244140625,-78.5498046875,-2.7700042724609375
2024-11-16,-1.8300018310546875,-2.9300079345703125,-0.01297293845833103,-3.69000244140625,111.69140625,4.029998779296875,23.0,-5.3699951171875
2024-11-17,0.0,0.0,0.0,0.0,0.0,0.0,0.0,0.0
2024-11-18,0.0,0.0,0.0,0.0,0.0,0.0,0.0,0.0
2024-11-19,6.8600006103515625,3.8400115966796875,0.047787340249036525,5.5800018310546875,195.66015625,0.4600067138671875,23.35986328125,1.82000732421875
2024-11-20,-1.1199951171875,1.739990234375,-0.007647665409791671,0.42999267578125,-21.330078125,-1.7899932861328125,0.1298828125,6.089996337890625
2024-11-21,0.779998779296875,-2.029998779296875,0.00533224387432174,5.3300018310546875,6.279296875,-0.1100006103515625,31.60009765625,1.94000244140625
2024-11-22,-4.720001220703125,0.4000091552734375,-0.03271029135432535,-5.7299957275390625,31.23046875,0.8600006103515625,20.6298828125,-3.420013427734375
2024-11-23,-5.92999267578125,-5.279998779296875,-0.04267289626213078,-5.1100006103515625,51.189453125,2.779998779296875,18.0302734375,-3.9399871826171875
2024-11-24,0.0,0.0,0.0,0.0,0.0,0.0,0.0,0.0
2024-11-25,0.0,0.0,0.0,0.0,0.0,0.0,0.0,0.0
2024-11-26,0.899993896484375,-0.1500091552734375,0.006594835130785626,-2.75,119.4609375,-3.410003662109375,34.259765625,-4.290008544921875
2024-11-27,-1.5800018310546875,-3.8699951171875,-0.011606696543322137,-2.0800018310546875,-113.8203125,-1.4799957275390625,-22.8896484375,-2.69000244140625
2024-11-28,2.910003662109375,4.25,0.021273536656953418,2.1300048828125,157.689453125,0.9399871826171875,33.6396484375,1.7700042724609375
2024-11-29,0.0,0.0,0.0,0.0,0.0,0.0,0.0,0.0
2024-11-30,0.3800048828125,1.7700042724609375,0.002744908369743726,1.0999908447265625,185.779296875,4.8800048828125,14.77001953125,2.0500030517578125
2024-12-01,0.0,0.0,0.0,0.0,0.0,0.0,0.0,0.0
2024-12-02,0.0,0.0,0.0,0.0,0.0,0.0,0.0,0.0
2024-12-03,1.6299896240234375,0.1299896240234375,0.011689255172423252,0.089996337890625,76.9609375,-0.0800018310546875,2.72998046875,-0.57000732421875
2024-12-04,4.8800048828125,2.339996337890625,0.03420098570011909,5.25,254.208984375,2.010009765625,36.6103515625,3.7400054931640625
2024-12-05,-0.0800018310546875,3.660003662109375,-0.0005513565397841091,0.75,-34.859375,-2.6300048828125,-11.38037109375,3.1100006103515625
2024-12-06,-2.6199951171875,-2.6399993896484375,-0.018226557555476752,-0.839996337890625,159.509765625,-2.7700042724609375,15.16015625,-0.5099945068359375
2024-12-07,-3.6300048828125,-4.17999267578125,-0.025814801550565925,-5.75,-123.080078125,-7.720001220703125,-37.419921875,-5.6300048828125
2024-12-08,0.0,0.0,0.0,0.0,0.0,0.0,0.0,0.0
2024-12-09,0.0,0.0,0.0,0.0,0.0,0.0,0.0,0.0
2024-12-10,-3.739990234375,-3.3400115966796875,-0.027312857200876728,1.8700103759765625,-49.44921875,-3.129997253417983,-17.93994140625,0.0399932861328125
2024-12-11,4.239990234375,1.420013427734375,0.03090843139511712,-1.6500091552734375,347.650390625,2.409996032714858,49.27978515625,-1.649993896484375
2024-12-12,-1.970001220703125,0.589996337890625,-0.01424207166516478,-1.7299957275390625,-132.05078125,0.45001220703125,-32.93994140625,-0.279998779296875
2024-12-13,-3.089996337890625,-3.260009765625,-0.022755843139004917,1.160003662109375,23.880859375,-3.69000244140625,-0.16015625,1.8600006103515625
2024-12-14,-2.25,-2.1199951171875,-0.016901810802603556,-5.20001220703125,247.169921875,-0.2200012207031392,22.990234375,-4.760009765625
2024-12-15,0.0,0.0,0.0,0.0,0.0,0.0,0.0,0.0
2024-12-16,0.0,0.0,0.0,0.0,0.0,0.0,0.0,0.0
2024-12-17,-1.6100006103515625,-3.55999755859375,-0.012271967831958719,-2.80999755859375,-64.830078125,-1.6700057983398295,-23.47021484375,-5.089996337890625
2024-12-18,-1.4799957275390625,1.4199981689453125,-0.011415439891134582,5.1100006103515625,-716.37109375,-3.6099929809570312,-178.44970703125,4.7700042724609375
